=== Running : python3 tools/train.py --cfg experiments/visorando/tl_bs32_lr0005_epch10.yaml ===
Seeding with 304
=> creating output/visorando/Visorando/tl_bs32_lr0005_epch10
=> creating log/Visorando/seg_hrnet/tl_bs32_lr0005_epch10_2025-06-12-15-50
Namespace(cfg='experiments/visorando/tl_bs32_lr0005_epch10.yaml', seed=304, local_rank=-1, opts=[], comp=False)
AUTO_RESUME: False
CUDNN:
  BENCHMARK: True
  DETERMINISTIC: False
  ENABLED: True
DATASET:
  AUTO_STATS: False
  AUTO_WEIGHT: False
  BASE_SIZE: 320
  CROP_SIZE: [320, 320]
  DATASET: Visorando
  DOWNSAMPLE_RATE: 1
  EXTRA_TRAIN_SET: 
  FLIP: True
  IGNORE_LABEL: -1
  MEAN: [0.5, 0.5, 0.5]
  MULTI_SCALE: True
  NUM_CLASSES: 2
  NUM_SAMPLES: None
  ROOT: data/
  SCALE_FACTOR: 16
  STD: [0.5, 0.5, 0.5]
  TEST_SET: list/visorando/val.lst
  TRAIN_SET: list/visorando/train.lst
DEBUG:
  DEBUG: False
  SAVE_BATCH_IMAGES_GT: False
  SAVE_BATCH_IMAGES_PRED: False
  SAVE_HEATMAPS_GT: False
  SAVE_HEATMAPS_PRED: False
GPUS: (0,)
LOG_DIR: log
LOSS:
  BALANCE_WEIGHTS: [1]
  LBD: 0.002
  TYPE: tl
MODEL:
  ALIGN_CORNERS: True
  EXTRA:
    FINAL_CONV_KERNEL: 1
    STAGE1:
      BLOCK: BOTTLENECK
      FUSE_METHOD: SUM
      NUM_BLOCKS: [4]
      NUM_BRANCHES: 1
      NUM_CHANNELS: [64]
      NUM_MODULES: 1
    STAGE2:
      BLOCK: BASIC
      FUSE_METHOD: SUM
      NUM_BLOCKS: [4, 4]
      NUM_BRANCHES: 2
      NUM_CHANNELS: [48, 96]
      NUM_MODULES: 1
    STAGE3:
      BLOCK: BASIC
      FUSE_METHOD: SUM
      NUM_BLOCKS: [4, 4, 4]
      NUM_BRANCHES: 3
      NUM_CHANNELS: [48, 96, 192]
      NUM_MODULES: 4
    STAGE4:
      BLOCK: BASIC
      FUSE_METHOD: SUM
      NUM_BLOCKS: [4, 4, 4, 4]
      NUM_BRANCHES: 4
      NUM_CHANNELS: [48, 96, 192, 384]
      NUM_MODULES: 3
  NAME: seg_hrnet
  NUM_OUTPUTS: 1
  OCR:
    DROPOUT: 0.05
    KEY_CHANNELS: 256
    MID_CHANNELS: 512
    SCALE: 1
  PRETRAINED: 
OUTPUT_DIR: output/visorando
PIN_MEMORY: True
PRINT_FREQ: 10
RANK: 0
TEST:
  BASE_SIZE: 320
  BATCH_SIZE_PER_GPU: 32
  FLIP_TEST: True
  IMAGE_SIZE: [320, 320]
  MODEL_FILE: 
  MULTI_SCALE: True
  NUM_SAMPLES: None
  OUTPUT_INDEX: -1
  SCALE_LIST: [1]
TRAIN:
  BASE_SIZE: 320
  BATCH_SIZE_PER_GPU: 32
  BEGIN_EPOCH: 0
  DOWNSAMPLERATE: 1
  END_EPOCH: 10
  EXTRA_EPOCH: 0
  EXTRA_LR: 0.001
  FLIP: True
  FREEZE_EPOCHS: -1
  FREEZE_LAYERS: 
  IGNORE_LABEL: -1
  IMAGE_SIZE: [320, 320]
  LR: 0.0005
  LR_FACTOR: 0.1
  LR_STEP: [90, 110]
  MOMENTUM: 0.9
  MULTI_SCALE: True
  NESTEROV: False
  NONBACKBONE_KEYWORDS: []
  NONBACKBONE_MULT: 10
  NUM_SAMPLES: 0
  OPTIMIZER: sgd
  RANDOM_BRIGHTNESS: False
  RANDOM_BRIGHTNESS_SHIFT_VALUE: 10
  RESUME: 
  SCALE_FACTOR: 16
  SHUFFLE: True
  WD: 0.0005
WORKERS: 8

 extra :  FINAL_CONV_KERNEL: 1
STAGE1:
  BLOCK: BOTTLENECK
  FUSE_METHOD: SUM
  NUM_BLOCKS: [4]
  NUM_BRANCHES: 1
  NUM_CHANNELS: [64]
  NUM_MODULES: 1
STAGE2:
  BLOCK: BASIC
  FUSE_METHOD: SUM
  NUM_BLOCKS: [4, 4]
  NUM_BRANCHES: 2
  NUM_CHANNELS: [48, 96]
  NUM_MODULES: 1
STAGE3:
  BLOCK: BASIC
  FUSE_METHOD: SUM
  NUM_BLOCKS: [4, 4, 4]
  NUM_BRANCHES: 3
  NUM_CHANNELS: [48, 96, 192]
  NUM_MODULES: 4
STAGE4:
  BLOCK: BASIC
  FUSE_METHOD: SUM
  NUM_BLOCKS: [4, 4, 4, 4]
  NUM_BRANCHES: 4
  NUM_CHANNELS: [48, 96, 192, 384]
  NUM_MODULES: 3
=> init weights from normal distribution
Epoch: [0/10] Iter:[0/189], Time: 4.74, lr: [0.0005], Loss: 0.917606
[DEBUG/function.py] -> pred (logits) stats :
  shape        : torch.Size([32, 2, 80, 80])
  classe 0 - min : -0.059195131063461304 , max : 0.16027913987636566 , mean : 0.03972063958644867 , std : 0.013438708148896694
  classe 1 - min : -0.291610985994339 , max : 0.06787218898534775 , mean : -0.0011026514694094658 , std : 0.031178951263427734
[DEBUG/function.py] -> val in label : {0: 3156068, 1: 120732}
[DEBUG/function.py] -> val in pred  : {0: 203166, 1: 1634} 


Epoch: [0/10] Iter:[10/189], Time: 0.98, lr: [0.0004976184165120673], Loss: 0.916474
[DEBUG/function.py] -> pred (logits) stats :
  shape        : torch.Size([32, 2, 80, 80])
  classe 0 - min : -0.49187418818473816 , max : 0.08540503680706024 , mean : 0.01670198328793049 , std : 0.07309217005968094
  classe 1 - min : -0.060245685279369354 , max : 0.4045241177082062 , mean : 0.021670982241630554 , std : 0.047381460666656494
[DEBUG/function.py] -> val in label : {0: 3158669, 1: 118131}
[DEBUG/function.py] -> val in pred  : {0: 143534, 1: 61266} 


Epoch: [0/10] Iter:[20/189], Time: 0.80, lr: [0.0004952355658811566], Loss: 0.914662
[DEBUG/function.py] -> pred (logits) stats :
  shape        : torch.Size([32, 2, 80, 80])
  classe 0 - min : -1.9578081369400024 , max : 0.10752780735492706 , mean : -0.021586908027529716 , std : 0.19109371304512024
  classe 1 - min : -0.051272202283144 , max : 1.7877469062805176 , mean : 0.06080646440386772 , std : 0.16468070447444916
[DEBUG/function.py] -> val in label : {0: 3160021, 1: 116779}
[DEBUG/function.py] -> val in pred  : {0: 134736, 1: 70064} 


Epoch: [0/10] Iter:[30/189], Time: 0.74, lr: [0.0004928514406514215], Loss: 0.912038
[DEBUG/function.py] -> pred (logits) stats :
  shape        : torch.Size([32, 2, 80, 80])
  classe 0 - min : -1.9564857482910156 , max : 0.1587161123752594 , mean : -0.06634275615215302 , std : 0.26496127247810364
  classe 1 - min : -0.10014628618955612 , max : 1.790347933769226 , mean : 0.10399125516414642 , std : 0.24403446912765503
[DEBUG/function.py] -> val in label : {0: 3149600, 1: 127200}
[DEBUG/function.py] -> val in pred  : {0: 115880, 1: 88920} 


Epoch: [0/10] Iter:[40/189], Time: 0.70, lr: [0.0004904660332828128], Loss: 0.907198
[DEBUG/function.py] -> pred (logits) stats :
  shape        : torch.Size([32, 2, 80, 80])
  classe 0 - min : -2.085296154022217 , max : 0.26669010519981384 , mean : -0.09820704907178879 , std : 0.3914042115211487
  classe 1 - min : -0.21070295572280884 , max : 2.0466554164886475 , mean : 0.1347380429506302 , std : 0.3749904930591583
[DEBUG/function.py] -> val in label : {0: 3152376, 1: 124424}
[DEBUG/function.py] -> val in pred  : {0: 117861, 1: 86939} 


Epoch: [0/10] Iter:[50/189], Time: 0.69, lr: [0.0004880793361496671], Loss: 0.901126
[DEBUG/function.py] -> pred (logits) stats :
  shape        : torch.Size([32, 2, 80, 80])
  classe 0 - min : -3.577364206314087 , max : 0.39095255732536316 , mean : -0.09348073601722717 , std : 0.5940055847167969
  classe 1 - min : -0.3520633280277252 , max : 3.424290657043457 , mean : 0.12983807921409607 , std : 0.575171172618866
[DEBUG/function.py] -> val in label : {0: 3159270, 1: 117530}
[DEBUG/function.py] -> val in pred  : {0: 135230, 1: 69570} 


Epoch: [0/10] Iter:[60/189], Time: 0.67, lr: [0.0004856913415392643], Loss: 0.894675
[DEBUG/function.py] -> pred (logits) stats :
  shape        : torch.Size([32, 2, 80, 80])
  classe 0 - min : -3.265990734100342 , max : 0.6166810989379883 , mean : -0.03930922970175743 , std : 0.7655699849128723
  classe 1 - min : -0.5718586444854736 , max : 3.208132743835449 , mean : 0.07532385736703873 , std : 0.7445849776268005
[DEBUG/function.py] -> val in label : {0: 3152247, 1: 124553}
[DEBUG/function.py] -> val in pred  : {0: 142667, 1: 62133} 


Epoch: [0/10] Iter:[70/189], Time: 0.67, lr: [0.00048330204165035186], Loss: 0.887835
[DEBUG/function.py] -> pred (logits) stats :
  shape        : torch.Size([32, 2, 80, 80])
  classe 0 - min : -3.6113483905792236 , max : 0.8351871371269226 , mean : 0.056514423340559006 , std : 0.9159882664680481
  classe 1 - min : -0.7819926738739014 , max : 3.534271001815796 , mean : -0.020422503352165222 , std : 0.8907172679901123
[DEBUG/function.py] -> val in label : {0: 3164823, 1: 111977}
[DEBUG/function.py] -> val in pred  : {0: 149888, 1: 54912} 


Epoch: [0/10] Iter:[80/189], Time: 0.66, lr: [0.00048091142859163694], Loss: 0.880861
[DEBUG/function.py] -> pred (logits) stats :
  shape        : torch.Size([32, 2, 80, 80])
  classe 0 - min : -3.8341705799102783 , max : 1.0409197807312012 , mean : 0.17752417922019958 , std : 1.029358148574829
  classe 1 - min : -1.005423665046692 , max : 3.7617173194885254 , mean : -0.14130471646785736 , std : 1.0031827688217163
[DEBUG/function.py] -> val in label : {0: 3161840, 1: 114960}
[DEBUG/function.py] -> val in pred  : {0: 153453, 1: 51347} 


Epoch: [0/10] Iter:[90/189], Time: 0.65, lr: [0.0004785194943802437], Loss: 0.873601
[DEBUG/function.py] -> pred (logits) stats :
  shape        : torch.Size([32, 2, 80, 80])
  classe 0 - min : -4.727254867553711 , max : 1.1982125043869019 , mean : 0.3111749291419983 , std : 1.1026395559310913
  classe 1 - min : -1.1488009691238403 , max : 4.630805015563965 , mean : -0.27445974946022034 , std : 1.074630618095398
[DEBUG/function.py] -> val in label : {0: 3163080, 1: 113720}
[DEBUG/function.py] -> val in pred  : {0: 159198, 1: 45602} 


Epoch: [0/10] Iter:[100/189], Time: 0.65, lr: [0.0004761262309401353], Loss: 0.865650
[DEBUG/function.py] -> pred (logits) stats :
  shape        : torch.Size([32, 2, 80, 80])
  classe 0 - min : -4.622050762176514 , max : 1.4261820316314697 , mean : 0.4611283838748932 , std : 1.1446553468704224
  classe 1 - min : -1.3682212829589844 , max : 4.528193473815918 , mean : -0.4239214360713959 , std : 1.1157724857330322
[DEBUG/function.py] -> val in label : {0: 3158670, 1: 118130}
[DEBUG/function.py] -> val in pred  : {0: 164588, 1: 40212} 


Epoch: [0/10] Iter:[110/189], Time: 0.65, lr: [0.0004737316301005001], Loss: 0.857490
[DEBUG/function.py] -> pred (logits) stats :
  shape        : torch.Size([32, 2, 80, 80])
  classe 0 - min : -4.421163082122803 , max : 1.5815743207931519 , mean : 0.6545748710632324 , std : 1.1530208587646484
  classe 1 - min : -1.5090922117233276 , max : 4.312158584594727 , mean : -0.6161668300628662 , std : 1.123954176902771
[DEBUG/function.py] -> val in label : {0: 3161465, 1: 115335}
[DEBUG/function.py] -> val in pred  : {0: 172652, 1: 32148} 


Epoch: [0/10] Iter:[120/189], Time: 0.64, lr: [0.00047133568359410095], Loss: 0.848386
[DEBUG/function.py] -> pred (logits) stats :
  shape        : torch.Size([32, 2, 80, 80])
  classe 0 - min : -4.407033443450928 , max : 1.8868637084960938 , mean : 0.8854957222938538 , std : 1.190812110900879
  classe 1 - min : -1.8160576820373535 , max : 4.302398681640625 , mean : -0.8459065556526184 , std : 1.161229133605957
[DEBUG/function.py] -> val in label : {0: 3164091, 1: 112709}
[DEBUG/function.py] -> val in pred  : {0: 177337, 1: 27463} 


Epoch: [0/10] Iter:[130/189], Time: 0.64, lr: [0.0004689383830555852], Loss: 0.837978
[DEBUG/function.py] -> pred (logits) stats :
  shape        : torch.Size([32, 2, 80, 80])
  classe 0 - min : -4.936709880828857 , max : 2.3398444652557373 , mean : 1.1204334497451782 , std : 1.2596474885940552
  classe 1 - min : -2.2771661281585693 , max : 4.792574405670166 , mean : -1.081369161605835 , std : 1.2306383848190308
[DEBUG/function.py] -> val in label : {0: 3156822, 1: 119978}
[DEBUG/function.py] -> val in pred  : {0: 178054, 1: 26746} 


Epoch: [0/10] Iter:[140/189], Time: 0.64, lr: [0.0004665397200197569], Loss: 0.827178
[DEBUG/function.py] -> pred (logits) stats :
  shape        : torch.Size([32, 2, 80, 80])
  classe 0 - min : -4.577375411987305 , max : 2.813225746154785 , mean : 1.3545256853103638 , std : 1.3149840831756592
  classe 1 - min : -2.738239288330078 , max : 4.440667629241943 , mean : -1.3153878450393677 , std : 1.2859405279159546
[DEBUG/function.py] -> val in label : {0: 3142483, 1: 134317}
[DEBUG/function.py] -> val in pred  : {0: 181065, 1: 23735} 


Epoch: [0/10] Iter:[150/189], Time: 0.64, lr: [0.00046413968591980665], Loss: 0.816422
[DEBUG/function.py] -> pred (logits) stats :
  shape        : torch.Size([32, 2, 80, 80])
  classe 0 - min : -5.167524814605713 , max : 3.324845552444458 , mean : 1.562582015991211 , std : 1.3692405223846436
  classe 1 - min : -3.2515292167663574 , max : 5.0186333656311035 , mean : -1.523262619972229 , std : 1.340367078781128
[DEBUG/function.py] -> val in label : {0: 3160787, 1: 116013}
[DEBUG/function.py] -> val in pred  : {0: 182941, 1: 21859} 


Epoch: [0/10] Iter:[160/189], Time: 0.64, lr: [0.0004617382720855013], Loss: 0.805996
[DEBUG/function.py] -> pred (logits) stats :
  shape        : torch.Size([32, 2, 80, 80])
  classe 0 - min : -4.772303104400635 , max : 3.6267812252044678 , mean : 1.7203140258789062 , std : 1.447970986366272
  classe 1 - min : -3.555945634841919 , max : 4.662228584289551 , mean : -1.68087899684906 , std : 1.4187098741531372
[DEBUG/function.py] -> val in label : {0: 3168858, 1: 107942}
[DEBUG/function.py] -> val in pred  : {0: 182621, 1: 22179} 


Epoch: [0/10] Iter:[170/189], Time: 0.63, lr: [0.00045933546974133004], Loss: 0.796054
[DEBUG/function.py] -> pred (logits) stats :
  shape        : torch.Size([32, 2, 80, 80])
  classe 0 - min : -5.0405402183532715 , max : 3.987781286239624 , mean : 1.8623201847076416 , std : 1.4941385984420776
  classe 1 - min : -3.9287054538726807 , max : 4.88704776763916 , mean : -1.82294499874115 , std : 1.4648077487945557
[DEBUG/function.py] -> val in label : {0: 3170711, 1: 106089}
[DEBUG/function.py] -> val in pred  : {0: 183863, 1: 20937} 


Epoch: [0/10] Iter:[180/189], Time: 0.63, lr: [0.0004569312700046062], Loss: 0.786912
[DEBUG/function.py] -> pred (logits) stats :
  shape        : torch.Size([32, 2, 80, 80])
  classe 0 - min : -5.859663009643555 , max : 4.405473709106445 , mean : 1.9642934799194336 , std : 1.552016258239746
  classe 1 - min : -4.363161563873291 , max : 5.6906938552856445 , mean : -1.9247872829437256 , std : 1.5228331089019775
[DEBUG/function.py] -> val in label : {0: 3156684, 1: 120116}
[DEBUG/function.py] -> val in pred  : {0: 183923, 1: 20877} 


0
0 [0.97076376 0.21690322] 0.593833490622861
=> saving checkpoint to output/visorando/Visorando/tl_bs32_lr0005_epch10checkpoint.pth.tar
Loss: 0.687, MeanIU:  0.5938, Best_mIoU:  0.5938
[0.97076376 0.21690322]
Epoch: [1/10] Iter:[0/189], Time: 1.18, lr: [0.00045476628804148113], Loss: 0.619080
[DEBUG/function.py] -> pred (logits) stats :
  shape        : torch.Size([32, 2, 80, 80])
  classe 0 - min : -7.487338066101074 , max : 4.9419264793396 , mean : 2.0588414669036865 , std : 1.569467306137085
  classe 1 - min : -4.879949569702148 , max : 7.2747602462768555 , mean : -2.018909215927124 , std : 1.5402202606201172
[DEBUG/function.py] -> val in label : {0: 3169218, 1: 107582}
[DEBUG/function.py] -> val in pred  : {0: 186534, 1: 18266} 


Epoch: [1/10] Iter:[10/189], Time: 0.66, lr: [0.00045235940839469127], Loss: 0.613759
[DEBUG/function.py] -> pred (logits) stats :
  shape        : torch.Size([32, 2, 80, 80])
  classe 0 - min : -5.7924580574035645 , max : 4.972317218780518 , mean : 2.127178430557251 , std : 1.6648956537246704
  classe 1 - min : -4.922209739685059 , max : 5.630599498748779 , mean : -2.0879149436950684 , std : 1.6361852884292603
[DEBUG/function.py] -> val in label : {0: 3155103, 1: 121697}
[DEBUG/function.py] -> val in pred  : {0: 183077, 1: 21723} 


Epoch: [1/10] Iter:[20/189], Time: 0.63, lr: [0.00044995110497131975], Loss: 0.609908
[DEBUG/function.py] -> pred (logits) stats :
  shape        : torch.Size([32, 2, 80, 80])
  classe 0 - min : -6.395252704620361 , max : 5.712533950805664 , mean : 2.211505889892578 , std : 1.714950442314148
  classe 1 - min : -5.668294906616211 , max : 6.2200608253479 , mean : -2.1719586849212646 , std : 1.6865419149398804
[DEBUG/function.py] -> val in label : {0: 3163661, 1: 113139}
[DEBUG/function.py] -> val in pred  : {0: 184629, 1: 20171} 


Epoch: [1/10] Iter:[30/189], Time: 0.62, lr: [0.0004475413684516842], Loss: 0.607663
[DEBUG/function.py] -> pred (logits) stats :
  shape        : torch.Size([32, 2, 80, 80])
  classe 0 - min : -6.899447917938232 , max : 5.98217248916626 , mean : 2.280819892883301 , std : 1.7348337173461914
  classe 1 - min : -5.939543724060059 , max : 6.7126288414001465 , mean : -2.241227626800537 , std : 1.7067697048187256
[DEBUG/function.py] -> val in label : {0: 3160534, 1: 116266}
[DEBUG/function.py] -> val in pred  : {0: 185212, 1: 19588} 


Epoch: [1/10] Iter:[40/189], Time: 0.62, lr: [0.0004451301893989418], Loss: 0.605355
[DEBUG/function.py] -> pred (logits) stats :
  shape        : torch.Size([32, 2, 80, 80])
  classe 0 - min : -6.432769775390625 , max : 6.559200286865234 , mean : 2.3327548503875732 , std : 1.8227826356887817
  classe 1 - min : -6.5145697593688965 , max : 6.260837078094482 , mean : -2.2935125827789307 , std : 1.7950160503387451
[DEBUG/function.py] -> val in label : {0: 3161153, 1: 115647}
[DEBUG/function.py] -> val in pred  : {0: 183876, 1: 20924} 


Epoch: [1/10] Iter:[50/189], Time: 0.62, lr: [0.0004427175582569015], Loss: 0.602669
[DEBUG/function.py] -> pred (logits) stats :
  shape        : torch.Size([32, 2, 80, 80])
  classe 0 - min : -6.655909538269043 , max : 6.9381327629089355 , mean : 2.389908790588379 , std : 1.8569579124450684
  classe 1 - min : -6.890439510345459 , max : 6.470467567443848 , mean : -2.35050630569458 , std : 1.829613208770752
[DEBUG/function.py] -> val in label : {0: 3158802, 1: 117998}
[DEBUG/function.py] -> val in pred  : {0: 184593, 1: 20207} 


Epoch: [1/10] Iter:[60/189], Time: 0.61, lr: [0.0004403034653477831], Loss: 0.600127
[DEBUG/function.py] -> pred (logits) stats :
  shape        : torch.Size([32, 2, 80, 80])
  classe 0 - min : -6.421043872833252 , max : 7.365642070770264 , mean : 2.4328646659851074 , std : 1.9245144128799438
  classe 1 - min : -7.317517280578613 , max : 6.271883487701416 , mean : -2.3937196731567383 , std : 1.8978270292282104
[DEBUG/function.py] -> val in label : {0: 3160441, 1: 116359}
[DEBUG/function.py] -> val in pred  : {0: 183843, 1: 20957} 


Epoch: [1/10] Iter:[70/189], Time: 0.62, lr: [0.0004378879008699187], Loss: 0.598603
[DEBUG/function.py] -> pred (logits) stats :
  shape        : torch.Size([32, 2, 80, 80])
  classe 0 - min : -6.608386516571045 , max : 7.732051372528076 , mean : 2.485795259475708 , std : 1.9508315324783325
  classe 1 - min : -7.675161838531494 , max : 6.458805084228516 , mean : -2.4463531970977783 , std : 1.9240812063217163
[DEBUG/function.py] -> val in label : {0: 3164373, 1: 112427}
[DEBUG/function.py] -> val in pred  : {0: 184781, 1: 20019} 


Epoch: [1/10] Iter:[80/189], Time: 0.61, lr: [0.000435470854895398], Loss: 0.596017
[DEBUG/function.py] -> pred (logits) stats :
  shape        : torch.Size([32, 2, 80, 80])
  classe 0 - min : -6.705920696258545 , max : 7.89575719833374 , mean : 2.518054246902466 , std : 2.014110803604126
  classe 1 - min : -7.841296672821045 , max : 6.545835971832275 , mean : -2.478865385055542 , std : 1.9875022172927856
[DEBUG/function.py] -> val in label : {0: 3160800, 1: 116000}
[DEBUG/function.py] -> val in pred  : {0: 183334, 1: 21466} 


Epoch: [1/10] Iter:[90/189], Time: 0.61, lr: [0.0004330523173676526], Loss: 0.594274
[DEBUG/function.py] -> pred (logits) stats :
  shape        : torch.Size([32, 2, 80, 80])
  classe 0 - min : -7.001278400421143 , max : 8.6812744140625 , mean : 2.5556962490081787 , std : 2.0650248527526855
  classe 1 - min : -8.63077163696289 , max : 6.8431925773620605 , mean : -2.5162582397460938 , std : 2.0385632514953613
[DEBUG/function.py] -> val in label : {0: 3156006, 1: 120794}
[DEBUG/function.py] -> val in pred  : {0: 184050, 1: 20750} 


Epoch: [1/10] Iter:[100/189], Time: 0.61, lr: [0.00043063227809898], Loss: 0.592409
[DEBUG/function.py] -> pred (logits) stats :
  shape        : torch.Size([32, 2, 80, 80])
  classe 0 - min : -6.932891845703125 , max : 8.540640830993652 , mean : 2.595043897628784 , std : 2.09293270111084
  classe 1 - min : -8.485941886901855 , max : 6.777915954589844 , mean : -2.5556726455688477 , std : 2.067004919052124
[DEBUG/function.py] -> val in label : {0: 3159824, 1: 116976}
[DEBUG/function.py] -> val in pred  : {0: 184384, 1: 20416} 


Epoch: [1/10] Iter:[110/189], Time: 0.61, lr: [0.0004282107267680031], Loss: 0.590697
[DEBUG/function.py] -> pred (logits) stats :
  shape        : torch.Size([32, 2, 80, 80])
  classe 0 - min : -7.606855392456055 , max : 9.958298683166504 , mean : 2.6421031951904297 , std : 2.1350085735321045
  classe 1 - min : -9.91250991821289 , max : 7.435423374176025 , mean : -2.602509021759033 , std : 2.109314441680908
[DEBUG/function.py] -> val in label : {0: 3157106, 1: 119694}
[DEBUG/function.py] -> val in pred  : {0: 185406, 1: 19394} 


Epoch: [1/10] Iter:[120/189], Time: 0.61, lr: [0.0004257876529170651], Loss: 0.588804
[DEBUG/function.py] -> pred (logits) stats :
  shape        : torch.Size([32, 2, 80, 80])
  classe 0 - min : -7.616746425628662 , max : 10.110150337219238 , mean : 2.670353651046753 , std : 2.1946067810058594
  classe 1 - min : -10.059903144836426 , max : 7.445619106292725 , mean : -2.6308650970458984 , std : 2.168811082839966
[DEBUG/function.py] -> val in label : {0: 3151420, 1: 125380}
[DEBUG/function.py] -> val in pred  : {0: 184299, 1: 20501} 


Epoch: [1/10] Iter:[130/189], Time: 0.61, lr: [0.00042336304594955623], Loss: 0.587794
[DEBUG/function.py] -> pred (logits) stats :
  shape        : torch.Size([32, 2, 80, 80])
  classe 0 - min : -7.137336254119873 , max : 9.706585884094238 , mean : 2.696869134902954 , std : 2.2477197647094727
  classe 1 - min : -9.66189956665039 , max : 6.980007648468018 , mean : -2.657457113265991 , std : 2.2221505641937256
[DEBUG/function.py] -> val in label : {0: 3157716, 1: 119084}
[DEBUG/function.py] -> val in pred  : {0: 183814, 1: 20986} 


Epoch: [1/10] Iter:[140/189], Time: 0.61, lr: [0.00042093689512717096], Loss: 0.586570
[DEBUG/function.py] -> pred (logits) stats :
  shape        : torch.Size([32, 2, 80, 80])
  classe 0 - min : -8.6831636428833 , max : 10.496594429016113 , mean : 2.7387588024139404 , std : 2.2481679916381836
  classe 1 - min : -10.443316459655762 , max : 8.48204517364502 , mean : -2.69881534576416 , std : 2.2226219177246094
[DEBUG/function.py] -> val in label : {0: 3171863, 1: 104937}
[DEBUG/function.py] -> val in pred  : {0: 186781, 1: 18019} 


Epoch: [1/10] Iter:[150/189], Time: 0.61, lr: [0.00041850918956709305], Loss: 0.584912
[DEBUG/function.py] -> pred (logits) stats :
  shape        : torch.Size([32, 2, 80, 80])
  classe 0 - min : -8.395841598510742 , max : 10.221765518188477 , mean : 2.7752630710601807 , std : 2.298391342163086
  classe 1 - min : -10.170647621154785 , max : 8.21338176727295 , mean : -2.735726833343506 , std : 2.27282977104187
[DEBUG/function.py] -> val in label : {0: 3147175, 1: 129625}
[DEBUG/function.py] -> val in pred  : {0: 184266, 1: 20534} 


Epoch: [1/10] Iter:[160/189], Time: 0.61, lr: [0.00041607991823910625], Loss: 0.583551
[DEBUG/function.py] -> pred (logits) stats :
  shape        : torch.Size([32, 2, 80, 80])
  classe 0 - min : -8.25544261932373 , max : 12.003055572509766 , mean : 2.7722368240356445 , std : 2.3927650451660156
  classe 1 - min : -11.9600248336792 , max : 8.060883522033691 , mean : -2.73287034034729 , std : 2.3674559593200684
[DEBUG/function.py] -> val in label : {0: 3142897, 1: 133903}
[DEBUG/function.py] -> val in pred  : {0: 182931, 1: 21869} 


Epoch: [1/10] Iter:[170/189], Time: 0.61, lr: [0.0004136490699626279], Loss: 0.582336
[DEBUG/function.py] -> pred (logits) stats :
  shape        : torch.Size([32, 2, 80, 80])
  classe 0 - min : -7.92746639251709 , max : 11.479827880859375 , mean : 2.8246872425079346 , std : 2.3798646926879883
  classe 1 - min : -11.434887886047363 , max : 7.755367279052734 , mean : -2.784996271133423 , std : 2.3542351722717285
[DEBUG/function.py] -> val in label : {0: 3155573, 1: 121227}
[DEBUG/function.py] -> val in pred  : {0: 184847, 1: 19953} 


Epoch: [1/10] Iter:[180/189], Time: 0.61, lr: [0.0004112166334036635], Loss: 0.581280
[DEBUG/function.py] -> pred (logits) stats :
  shape        : torch.Size([32, 2, 80, 80])
  classe 0 - min : -7.955239772796631 , max : 12.00592041015625 , mean : 2.849186420440674 , std : 2.432724952697754
  classe 1 - min : -11.963143348693848 , max : 7.776785373687744 , mean : -2.809467077255249 , std : 2.407294511795044
[DEBUG/function.py] -> val in label : {0: 3161075, 1: 115725}
[DEBUG/function.py] -> val in pred  : {0: 184559, 1: 20241} 


0
0 [0.97081188 0.22730352] 0.5990576990972458
=> saving checkpoint to output/visorando/Visorando/tl_bs32_lr0005_epch10checkpoint.pth.tar
Loss: 0.638, MeanIU:  0.5991, Best_mIoU:  0.5991
[0.97081188 0.22730352]
Epoch: [2/10] Iter:[0/189], Time: 1.48, lr: [0.00040902607302542923], Loss: 0.563297
[DEBUG/function.py] -> pred (logits) stats :
  shape        : torch.Size([32, 2, 80, 80])
  classe 0 - min : -7.697448253631592 , max : 11.943992614746094 , mean : 2.864745616912842 , std : 2.468703508377075
  classe 1 - min : -11.905320167541504 , max : 7.52065896987915 , mean : -2.8249707221984863 , std : 2.443565845489502
[DEBUG/function.py] -> val in label : {0: 3157901, 1: 118899}
[DEBUG/function.py] -> val in pred  : {0: 185019, 1: 19781} 


Epoch: [2/10] Iter:[10/189], Time: 0.71, lr: [0.0004065905869413508], Loss: 0.551505
[DEBUG/function.py] -> pred (logits) stats :
  shape        : torch.Size([32, 2, 80, 80])
  classe 0 - min : -9.361298561096191 , max : 12.577300071716309 , mean : 2.8894124031066895 , std : 2.4948549270629883
  classe 1 - min : -12.52197551727295 , max : 9.14161491394043 , mean : -2.8495113849639893 , std : 2.4695465564727783
[DEBUG/function.py] -> val in label : {0: 3155886, 1: 120914}
[DEBUG/function.py] -> val in pred  : {0: 185337, 1: 19463} 


Epoch: [2/10] Iter:[20/189], Time: 0.68, lr: [0.0004041534788093917], Loss: 0.551279
[DEBUG/function.py] -> pred (logits) stats :
  shape        : torch.Size([32, 2, 80, 80])
  classe 0 - min : -9.321854591369629 , max : 12.75513744354248 , mean : 2.9228122234344482 , std : 2.5180437564849854
  classe 1 - min : -12.698248863220215 , max : 9.091388702392578 , mean : -2.8830208778381348 , std : 2.4925520420074463
[DEBUG/function.py] -> val in label : {0: 3155675, 1: 121125}
[DEBUG/function.py] -> val in pred  : {0: 185043, 1: 19757} 


Epoch: [2/10] Iter:[30/189], Time: 0.66, lr: [0.0004017147366665666], Loss: 0.550613
[DEBUG/function.py] -> pred (logits) stats :
  shape        : torch.Size([32, 2, 80, 80])
  classe 0 - min : -9.403285026550293 , max : 14.464879035949707 , mean : 2.9441521167755127 , std : 2.5678629875183105
  classe 1 - min : -14.408975601196289 , max : 9.187248229980469 , mean : -2.9040367603302 , std : 2.542715311050415
[DEBUG/function.py] -> val in label : {0: 3162610, 1: 114190}
[DEBUG/function.py] -> val in pred  : {0: 186720, 1: 18080} 


Epoch: [2/10] Iter:[40/189], Time: 0.65, lr: [0.00039927434838031345], Loss: 0.549537
[DEBUG/function.py] -> pred (logits) stats :
  shape        : torch.Size([32, 2, 80, 80])
  classe 0 - min : -9.357948303222656 , max : 14.288321495056152 , mean : 2.970031261444092 , std : 2.604306697845459
  classe 1 - min : -14.234012603759766 , max : 9.147997856140137 , mean : -2.930101156234741 , std : 2.5791797637939453
[DEBUG/function.py] -> val in label : {0: 3156887, 1: 119913}
[DEBUG/function.py] -> val in pred  : {0: 185735, 1: 19065} 


Epoch: [2/10] Iter:[50/189], Time: 0.64, lr: [0.0003968323016449205], Loss: 0.548973
[DEBUG/function.py] -> pred (logits) stats :
  shape        : torch.Size([32, 2, 80, 80])
  classe 0 - min : -9.30294418334961 , max : 13.914737701416016 , mean : 2.991905689239502 , std : 2.629136800765991
  classe 1 - min : -13.859569549560547 , max : 9.088570594787598 , mean : -2.951930284500122 , std : 2.6038076877593994
[DEBUG/function.py] -> val in label : {0: 3168055, 1: 108745}
[DEBUG/function.py] -> val in pred  : {0: 185744, 1: 19056} 


Epoch: [2/10] Iter:[60/189], Time: 0.64, lr: [0.00039438858397785367], Loss: 0.548615
[DEBUG/function.py] -> pred (logits) stats :
  shape        : torch.Size([32, 2, 80, 80])
  classe 0 - min : -9.453046798706055 , max : 13.90964126586914 , mean : 3.011317729949951 , std : 2.6375606060028076
  classe 1 - min : -13.858718872070312 , max : 9.256563186645508 , mean : -2.971365213394165 , std : 2.6124022006988525
[DEBUG/function.py] -> val in label : {0: 3148785, 1: 128015}
[DEBUG/function.py] -> val in pred  : {0: 185642, 1: 19158} 


Epoch: [2/10] Iter:[70/189], Time: 0.64, lr: [0.00039194318271598016], Loss: 0.547773
[DEBUG/function.py] -> pred (logits) stats :
  shape        : torch.Size([32, 2, 80, 80])
  classe 0 - min : -9.355545043945312 , max : 15.233059883117676 , mean : 3.0199480056762695 , std : 2.7144811153411865
  classe 1 - min : -15.176490783691406 , max : 9.140583992004395 , mean : -2.9802541732788086 , std : 2.6894164085388184
[DEBUG/function.py] -> val in label : {0: 3143636, 1: 133164}
[DEBUG/function.py] -> val in pred  : {0: 184237, 1: 20563} 


Epoch: [2/10] Iter:[80/189], Time: 0.63, lr: [0.00038949608501168424], Loss: 0.546818
[DEBUG/function.py] -> pred (logits) stats :
  shape        : torch.Size([32, 2, 80, 80])
  classe 0 - min : -9.582003593444824 , max : 15.14214038848877 , mean : 3.043626546859741 , std : 2.7322230339050293
  classe 1 - min : -15.094358444213867 , max : 9.359111785888672 , mean : -3.003572940826416 , std : 2.7073910236358643
[DEBUG/function.py] -> val in label : {0: 3162214, 1: 114586}
[DEBUG/function.py] -> val in pred  : {0: 186241, 1: 18559} 


Epoch: [2/10] Iter:[90/189], Time: 0.63, lr: [0.00038704727782887206], Loss: 0.546306
[DEBUG/function.py] -> pred (logits) stats :
  shape        : torch.Size([32, 2, 80, 80])
  classe 0 - min : -9.708207130432129 , max : 16.23869514465332 , mean : 3.071974992752075 , std : 2.763486862182617
  classe 1 - min : -16.182876586914062 , max : 9.497978210449219 , mean : -3.0319950580596924 , std : 2.7384636402130127
[DEBUG/function.py] -> val in label : {0: 3157171, 1: 119629}
[DEBUG/function.py] -> val in pred  : {0: 185352, 1: 19448} 


Epoch: [2/10] Iter:[100/189], Time: 0.63, lr: [0.00038459674793886125], Loss: 0.545619
[DEBUG/function.py] -> pred (logits) stats :
  shape        : torch.Size([32, 2, 80, 80])
  classe 0 - min : -8.739234924316406 , max : 15.186214447021484 , mean : 3.1038897037506104 , std : 2.785818338394165
  classe 1 - min : -15.127840995788574 , max : 8.558751106262207 , mean : -3.0640203952789307 , std : 2.7604687213897705
[DEBUG/function.py] -> val in label : {0: 3145713, 1: 131087}
[DEBUG/function.py] -> val in pred  : {0: 184937, 1: 19863} 


Epoch: [2/10] Iter:[110/189], Time: 0.63, lr: [0.0003821444819161512], Loss: 0.544533
[DEBUG/function.py] -> pred (logits) stats :
  shape        : torch.Size([32, 2, 80, 80])
  classe 0 - min : -9.263370513916016 , max : 16.058012008666992 , mean : 3.094167470932007 , std : 2.8449811935424805
  classe 1 - min : -16.011207580566406 , max : 9.076212882995605 , mean : -3.054131507873535 , std : 2.820209503173828
[DEBUG/function.py] -> val in label : {0: 3165426, 1: 111374}
[DEBUG/function.py] -> val in pred  : {0: 185754, 1: 19046} 


Epoch: [2/10] Iter:[120/189], Time: 0.63, lr: [0.0003796904661340692], Loss: 0.543324
[DEBUG/function.py] -> pred (logits) stats :
  shape        : torch.Size([32, 2, 80, 80])
  classe 0 - min : -9.990364074707031 , max : 15.997455596923828 , mean : 3.1351170539855957 , std : 2.850698947906494
  classe 1 - min : -15.950921058654785 , max : 9.765156745910645 , mean : -3.095086097717285 , std : 2.8258962631225586
[DEBUG/function.py] -> val in label : {0: 3159958, 1: 116842}
[DEBUG/function.py] -> val in pred  : {0: 185742, 1: 19058} 


Epoch: [2/10] Iter:[130/189], Time: 0.63, lr: [0.0003772346867602887], Loss: 0.542438
[DEBUG/function.py] -> pred (logits) stats :
  shape        : torch.Size([32, 2, 80, 80])
  classe 0 - min : -9.16832160949707 , max : 17.065845489501953 , mean : 3.1391589641571045 , std : 2.9053595066070557
  classe 1 - min : -17.01198387145996 , max : 8.968321800231934 , mean : -3.099330425262451 , std : 2.880742073059082
[DEBUG/function.py] -> val in label : {0: 3158869, 1: 117931}
[DEBUG/function.py] -> val in pred  : {0: 184840, 1: 19960} 


Epoch: [2/10] Iter:[140/189], Time: 0.63, lr: [0.00037477712975221464], Loss: 0.541369
[DEBUG/function.py] -> pred (logits) stats :
  shape        : torch.Size([32, 2, 80, 80])
  classe 0 - min : -9.411852836608887 , max : 17.11147689819336 , mean : 3.1662631034851074 , std : 2.9194424152374268
  classe 1 - min : -17.0678653717041 , max : 9.201735496520996 , mean : -3.126493453979492 , std : 2.894503593444824
[DEBUG/function.py] -> val in label : {0: 3139801, 1: 136999}
[DEBUG/function.py] -> val in pred  : {0: 184199, 1: 20601} 


Epoch: [2/10] Iter:[150/189], Time: 0.63, lr: [0.00037231778085222993], Loss: 0.540596
[DEBUG/function.py] -> pred (logits) stats :
  shape        : torch.Size([32, 2, 80, 80])
  classe 0 - min : -9.968173027038574 , max : 17.756986618041992 , mean : 3.2043864727020264 , std : 2.924896240234375
  classe 1 - min : -17.705795288085938 , max : 9.724150657653809 , mean : -3.164339542388916 , std : 2.9001522064208984
[DEBUG/function.py] -> val in label : {0: 3153702, 1: 123098}
[DEBUG/function.py] -> val in pred  : {0: 185789, 1: 19011} 


Epoch: [2/10] Iter:[160/189], Time: 0.63, lr: [0.00036985662558280036], Loss: 0.539781
[DEBUG/function.py] -> pred (logits) stats :
  shape        : torch.Size([32, 2, 80, 80])
  classe 0 - min : -10.691804885864258 , max : 19.22444725036621 , mean : 3.2003746032714844 , std : 2.979987621307373
  classe 1 - min : -19.17739486694336 , max : 10.444528579711914 , mean : -3.160212278366089 , std : 2.9554965496063232
[DEBUG/function.py] -> val in label : {0: 3155209, 1: 121591}
[DEBUG/function.py] -> val in pred  : {0: 186240, 1: 18560} 


Epoch: [2/10] Iter:[170/189], Time: 0.63, lr: [0.0003673936492414291], Loss: 0.538785
[DEBUG/function.py] -> pred (logits) stats :
  shape        : torch.Size([32, 2, 80, 80])
  classe 0 - min : -10.530841827392578 , max : 20.28818130493164 , mean : 3.2271056175231934 , std : 2.991872787475586
  classe 1 - min : -20.23272705078125 , max : 10.29440975189209 , mean : -3.1866369247436523 , std : 2.9678657054901123
[DEBUG/function.py] -> val in label : {0: 3167904, 1: 108896}
[DEBUG/function.py] -> val in pred  : {0: 188308, 1: 16492} 


Epoch: [2/10] Iter:[180/189], Time: 0.63, lr: [0.0003649288368954588], Loss: 0.537701
[DEBUG/function.py] -> pred (logits) stats :
  shape        : torch.Size([32, 2, 80, 80])
  classe 0 - min : -10.314486503601074 , max : 18.544801712036133 , mean : 3.245621681213379 , std : 3.0479369163513184
  classe 1 - min : -18.49494171142578 , max : 10.06893253326416 , mean : -3.205583333969116 , std : 3.023829460144043
[DEBUG/function.py] -> val in label : {0: 3157087, 1: 119713}
[DEBUG/function.py] -> val in pred  : {0: 185775, 1: 19025} 


0
0 [0.97448031 0.21372135] 0.5941008314978307
=> saving checkpoint to output/visorando/Visorando/tl_bs32_lr0005_epch10checkpoint.pth.tar
Loss: 0.662, MeanIU:  0.5941, Best_mIoU:  0.5991
[0.97448031 0.21372135]
Epoch: [3/10] Iter:[0/189], Time: 1.30, lr: [0.00036270892346860996], Loss: 0.508364
[DEBUG/function.py] -> pred (logits) stats :
  shape        : torch.Size([32, 2, 80, 80])
  classe 0 - min : -9.805360794067383 , max : 19.50797462463379 , mean : 3.254384994506836 , std : 3.063403606414795
  classe 1 - min : -19.46675682067871 , max : 9.598015785217285 , mean : -3.214390754699707 , std : 3.0393195152282715
[DEBUG/function.py] -> val in label : {0: 3155246, 1: 121554}
[DEBUG/function.py] -> val in pred  : {0: 185284, 1: 19516} 


Epoch: [3/10] Iter:[10/189], Time: 0.68, lr: [0.00036024058072646703], Loss: 0.515837
[DEBUG/function.py] -> pred (logits) stats :
  shape        : torch.Size([32, 2, 80, 80])
  classe 0 - min : -10.366724967956543 , max : 19.877927780151367 , mean : 3.273331880569458 , std : 3.1039111614227295
  classe 1 - min : -19.83493995666504 , max : 10.142427444458008 , mean : -3.2331488132476807 , std : 3.080085039138794
[DEBUG/function.py] -> val in label : {0: 3165128, 1: 111672}
[DEBUG/function.py] -> val in pred  : {0: 186362, 1: 18438} 


Epoch: [3/10] Iter:[20/189], Time: 0.64, lr: [0.0003577703573232277], Loss: 0.516262
[DEBUG/function.py] -> pred (logits) stats :
  shape        : torch.Size([32, 2, 80, 80])
  classe 0 - min : -10.810952186584473 , max : 18.19173240661621 , mean : 3.2803874015808105 , std : 3.137705087661743
  classe 1 - min : -18.147687911987305 , max : 10.560741424560547 , mean : -3.2400710582733154 , std : 3.114058494567871
[DEBUG/function.py] -> val in label : {0: 3165027, 1: 111773}
[DEBUG/function.py] -> val in pred  : {0: 186108, 1: 18692} 


Epoch: [3/10] Iter:[30/189], Time: 0.63, lr: [0.00035529823737583946], Loss: 0.514704
[DEBUG/function.py] -> pred (logits) stats :
  shape        : torch.Size([32, 2, 80, 80])
  classe 0 - min : -10.351366996765137 , max : 19.375286102294922 , mean : 3.289741039276123 , std : 3.192465305328369
  classe 1 - min : -19.33469581604004 , max : 10.131147384643555 , mean : -3.249562978744507 , std : 3.1692495346069336
[DEBUG/function.py] -> val in label : {0: 3152701, 1: 124099}
[DEBUG/function.py] -> val in pred  : {0: 184951, 1: 19849} 


Epoch: [3/10] Iter:[40/189], Time: 0.62, lr: [0.00035282420474318113], Loss: 0.514244
[DEBUG/function.py] -> pred (logits) stats :
  shape        : torch.Size([32, 2, 80, 80])
  classe 0 - min : -11.28226375579834 , max : 19.802074432373047 , mean : 3.318995952606201 , std : 3.191823720932007
  classe 1 - min : -19.765844345092773 , max : 11.043572425842285 , mean : -3.2786149978637695 , std : 3.16898512840271
[DEBUG/function.py] -> val in label : {0: 3156632, 1: 120168}
[DEBUG/function.py] -> val in pred  : {0: 186113, 1: 18687} 


Epoch: [3/10] Iter:[50/189], Time: 0.62, lr: [0.00035034824301982464], Loss: 0.514235
[DEBUG/function.py] -> pred (logits) stats :
  shape        : torch.Size([32, 2, 80, 80])
  classe 0 - min : -10.920910835266113 , max : 20.762256622314453 , mean : 3.3434557914733887 , std : 3.2222886085510254
  classe 1 - min : -20.72832679748535 , max : 10.689249038696289 , mean : -3.302926778793335 , std : 3.199441909790039
[DEBUG/function.py] -> val in label : {0: 3173146, 1: 103654}
[DEBUG/function.py] -> val in pred  : {0: 187140, 1: 17660} 


Epoch: [3/10] Iter:[60/189], Time: 0.62, lr: [0.000347870335529596], Loss: 0.513504
[DEBUG/function.py] -> pred (logits) stats :
  shape        : torch.Size([32, 2, 80, 80])
  classe 0 - min : -10.840527534484863 , max : 19.806629180908203 , mean : 3.3579797744750977 , std : 3.2498462200164795
  classe 1 - min : -19.763029098510742 , max : 10.600576400756836 , mean : -3.317500114440918 , std : 3.227156400680542
[DEBUG/function.py] -> val in label : {0: 3157595, 1: 119205}
[DEBUG/function.py] -> val in pred  : {0: 186406, 1: 18394} 


Epoch: [3/10] Iter:[70/189], Time: 0.62, lr: [0.0003453904653189265], Loss: 0.512798
[DEBUG/function.py] -> pred (logits) stats :
  shape        : torch.Size([32, 2, 80, 80])
  classe 0 - min : -11.894233703613281 , max : 21.948505401611328 , mean : 3.3763582706451416 , std : 3.2897324562072754
  classe 1 - min : -21.91581153869629 , max : 11.643389701843262 , mean : -3.335693836212158 , std : 3.267775774002075
[DEBUG/function.py] -> val in label : {0: 3174877, 1: 101923}
[DEBUG/function.py] -> val in pred  : {0: 187555, 1: 17245} 


Epoch: [3/10] Iter:[80/189], Time: 0.61, lr: [0.0003429086151499876], Loss: 0.511568
[DEBUG/function.py] -> pred (logits) stats :
  shape        : torch.Size([32, 2, 80, 80])
  classe 0 - min : -11.893658638000488 , max : 21.3803653717041 , mean : 3.392716646194458 , std : 3.3144755363464355
  classe 1 - min : -21.347047805786133 , max : 11.642006874084473 , mean : -3.351733922958374 , std : 3.2936477661132812
[DEBUG/function.py] -> val in label : {0: 3177861, 1: 98939}
[DEBUG/function.py] -> val in pred  : {0: 188798, 1: 16002} 


Epoch: [3/10] Iter:[90/189], Time: 0.61, lr: [0.0003404247674935979], Loss: 0.510870
[DEBUG/function.py] -> pred (logits) stats :
  shape        : torch.Size([32, 2, 80, 80])
  classe 0 - min : -10.454042434692383 , max : 21.078535079956055 , mean : 3.403215169906616 , std : 3.350322961807251
  classe 1 - min : -21.044666290283203 , max : 10.210619926452637 , mean : -3.362717866897583 , std : 3.3292746543884277
[DEBUG/function.py] -> val in label : {0: 3160575, 1: 116225}
[DEBUG/function.py] -> val in pred  : {0: 185808, 1: 18992} 


Epoch: [3/10] Iter:[100/189], Time: 0.61, lr: [0.00033793890452189453], Loss: 0.509970
[DEBUG/function.py] -> pred (logits) stats :
  shape        : torch.Size([32, 2, 80, 80])
  classe 0 - min : -11.307805061340332 , max : 22.387191772460938 , mean : 3.4233391284942627 , std : 3.3863604068756104
  classe 1 - min : -22.35340118408203 , max : 11.049323081970215 , mean : -3.3828349113464355 , std : 3.365462064743042
[DEBUG/function.py] -> val in label : {0: 3158715, 1: 118085}
[DEBUG/function.py] -> val in pred  : {0: 186022, 1: 18778} 


Epoch: [3/10] Iter:[110/189], Time: 0.61, lr: [0.0003354510081007592], Loss: 0.509146
[DEBUG/function.py] -> pred (logits) stats :
  shape        : torch.Size([32, 2, 80, 80])
  classe 0 - min : -11.164896965026855 , max : 22.04611587524414 , mean : 3.42596435546875 , std : 3.4308598041534424
  classe 1 - min : -22.012897491455078 , max : 10.916900634765625 , mean : -3.385529041290283 , std : 3.4101340770721436
[DEBUG/function.py] -> val in label : {0: 3158731, 1: 118069}
[DEBUG/function.py] -> val in pred  : {0: 185689, 1: 19111} 


Epoch: [3/10] Iter:[120/189], Time: 0.61, lr: [0.00033296105978198817], Loss: 0.508408
[DEBUG/function.py] -> pred (logits) stats :
  shape        : torch.Size([32, 2, 80, 80])
  classe 0 - min : -11.328672409057617 , max : 21.69454574584961 , mean : 3.4423484802246094 , std : 3.4636499881744385
  classe 1 - min : -21.66594886779785 , max : 11.100278854370117 , mean : -3.40175461769104 , std : 3.4434423446655273
[DEBUG/function.py] -> val in label : {0: 3162087, 1: 114713}
[DEBUG/function.py] -> val in pred  : {0: 186491, 1: 18309} 


Epoch: [3/10] Iter:[130/189], Time: 0.61, lr: [0.000330469040795194], Loss: 0.507591
[DEBUG/function.py] -> pred (logits) stats :
  shape        : torch.Size([32, 2, 80, 80])
  classe 0 - min : -11.656189918518066 , max : 20.794599533081055 , mean : 3.4733216762542725 , std : 3.4484500885009766
  classe 1 - min : -20.769710540771484 , max : 11.414644241333008 , mean : -3.4327080249786377 , std : 3.428015947341919
[DEBUG/function.py] -> val in label : {0: 3161282, 1: 115518}
[DEBUG/function.py] -> val in pred  : {0: 186381, 1: 18419} 


Epoch: [3/10] Iter:[140/189], Time: 0.61, lr: [0.0003279749320394305], Loss: 0.507382
[DEBUG/function.py] -> pred (logits) stats :
  shape        : torch.Size([32, 2, 80, 80])
  classe 0 - min : -11.743273735046387 , max : 23.23419189453125 , mean : 3.469069480895996 , std : 3.5065228939056396
  classe 1 - min : -23.211299896240234 , max : 11.48787784576416 , mean : -3.4285078048706055 , std : 3.4864916801452637
[DEBUG/function.py] -> val in label : {0: 3160175, 1: 116625}
[DEBUG/function.py] -> val in pred  : {0: 186255, 1: 18545} 


Epoch: [3/10] Iter:[150/189], Time: 0.61, lr: [0.0003254787140745261], Loss: 0.506580
[DEBUG/function.py] -> pred (logits) stats :
  shape        : torch.Size([32, 2, 80, 80])
  classe 0 - min : -10.253777503967285 , max : 23.354902267456055 , mean : 3.479980707168579 , std : 3.5330257415771484
  classe 1 - min : -23.321264266967773 , max : 10.054228782653809 , mean : -3.4396467208862305 , std : 3.512958288192749
[DEBUG/function.py] -> val in label : {0: 3154785, 1: 122015}
[DEBUG/function.py] -> val in pred  : {0: 185484, 1: 19316} 


Epoch: [3/10] Iter:[160/189], Time: 0.61, lr: [0.0003229803671121149], Loss: 0.506078
[DEBUG/function.py] -> pred (logits) stats :
  shape        : torch.Size([32, 2, 80, 80])
  classe 0 - min : -11.421405792236328 , max : 22.373228073120117 , mean : 3.512559175491333 , std : 3.5258445739746094
  classe 1 - min : -22.333112716674805 , max : 11.174836158752441 , mean : -3.472095251083374 , std : 3.5058035850524902
[DEBUG/function.py] -> val in label : {0: 3154073, 1: 122727}
[DEBUG/function.py] -> val in pred  : {0: 186032, 1: 18768} 


Epoch: [3/10] Iter:[170/189], Time: 0.61, lr: [0.00032047987100635084], Loss: 0.505203
[DEBUG/function.py] -> pred (logits) stats :
  shape        : torch.Size([32, 2, 80, 80])
  classe 0 - min : -10.908077239990234 , max : 24.60245704650879 , mean : 3.5123541355133057 , std : 3.5725133419036865
  classe 1 - min : -24.57695960998535 , max : 10.684234619140625 , mean : -3.4719254970550537 , std : 3.552448272705078
[DEBUG/function.py] -> val in label : {0: 3153813, 1: 122987}
[DEBUG/function.py] -> val in pred  : {0: 186194, 1: 18606} 


Epoch: [3/10] Iter:[180/189], Time: 0.61, lr: [0.0003179772052442916], Loss: 0.504545
[DEBUG/function.py] -> pred (logits) stats :
  shape        : torch.Size([32, 2, 80, 80])
  classe 0 - min : -11.945082664489746 , max : 25.05646324157715 , mean : 3.5299503803253174 , std : 3.602933168411255
  classe 1 - min : -25.023805618286133 , max : 11.700299263000488 , mean : -3.489335775375366 , std : 3.583263874053955
[DEBUG/function.py] -> val in label : {0: 3154864, 1: 121936}
[DEBUG/function.py] -> val in pred  : {0: 187187, 1: 17613} 


0
0 [0.96859783 0.25469937] 0.6116485985124438
=> saving checkpoint to output/visorando/Visorando/tl_bs32_lr0005_epch10checkpoint.pth.tar
Loss: 0.582, MeanIU:  0.6116, Best_mIoU:  0.6116
[0.96859783 0.25469937]
Epoch: [4/10] Iter:[0/189], Time: 1.40, lr: [0.00031572293374467766], Loss: 0.493447
[DEBUG/function.py] -> pred (logits) stats :
  shape        : torch.Size([32, 2, 80, 80])
  classe 0 - min : -11.98579216003418 , max : 23.860517501831055 , mean : 3.5378804206848145 , std : 3.623910665512085
  classe 1 - min : -23.828760147094727 , max : 11.734724044799805 , mean : -3.4973626136779785 , std : 3.6040232181549072
[DEBUG/function.py] -> val in label : {0: 3160488, 1: 116312}
[DEBUG/function.py] -> val in pred  : {0: 186636, 1: 18164} 


Epoch: [4/10] Iter:[10/189], Time: 0.68, lr: [0.00031321608776375986], Loss: 0.494005
[DEBUG/function.py] -> pred (logits) stats :
  shape        : torch.Size([32, 2, 80, 80])
  classe 0 - min : -11.506229400634766 , max : 22.545120239257812 , mean : 3.5488290786743164 , std : 3.65311336517334
  classe 1 - min : -22.507328033447266 , max : 11.25979995727539 , mean : -3.5086920261383057 , std : 3.632819175720215
[DEBUG/function.py] -> val in label : {0: 3155874, 1: 120926}
[DEBUG/function.py] -> val in pred  : {0: 184890, 1: 19910} 


Epoch: [4/10] Iter:[20/189], Time: 0.65, lr: [0.0003107070104694854], Loss: 0.489562
[DEBUG/function.py] -> pred (logits) stats :
  shape        : torch.Size([32, 2, 80, 80])
  classe 0 - min : -13.265546798706055 , max : 24.8398494720459 , mean : 3.5645971298217773 , std : 3.6772964000701904
  classe 1 - min : -24.78888702392578 , max : 12.994647979736328 , mean : -3.5240514278411865 , std : 3.6575706005096436
[DEBUG/function.py] -> val in label : {0: 3167674, 1: 109126}
[DEBUG/function.py] -> val in pred  : {0: 187351, 1: 17449} 


Epoch: [4/10] Iter:[30/189], Time: 0.63, lr: [0.00030819567981865513], Loss: 0.488789
[DEBUG/function.py] -> pred (logits) stats :
  shape        : torch.Size([32, 2, 80, 80])
  classe 0 - min : -11.9796724319458 , max : 22.589811325073242 , mean : 3.5770931243896484 , std : 3.6928811073303223
  classe 1 - min : -22.556806564331055 , max : 11.74123477935791 , mean : -3.5368711948394775 , std : 3.672825574874878
[DEBUG/function.py] -> val in label : {0: 3150023, 1: 126777}
[DEBUG/function.py] -> val in pred  : {0: 185505, 1: 19295} 


Epoch: [4/10] Iter:[40/189], Time: 0.62, lr: [0.0003056820733485637], Loss: 0.488122
[DEBUG/function.py] -> pred (logits) stats :
  shape        : torch.Size([32, 2, 80, 80])
  classe 0 - min : -13.017282485961914 , max : 26.082509994506836 , mean : 3.577598810195923 , std : 3.7588956356048584
  classe 1 - min : -26.055421829223633 , max : 12.725737571716309 , mean : -3.5372848510742188 , std : 3.7392361164093018
[DEBUG/function.py] -> val in label : {0: 3158632, 1: 118168}
[DEBUG/function.py] -> val in pred  : {0: 185656, 1: 19144} 


Epoch: [4/10] Iter:[50/189], Time: 0.62, lr: [0.0003031661681651053], Loss: 0.488044
[DEBUG/function.py] -> pred (logits) stats :
  shape        : torch.Size([32, 2, 80, 80])
  classe 0 - min : -13.046815872192383 , max : 25.01561737060547 , mean : 3.618631601333618 , std : 3.7446982860565186
  classe 1 - min : -24.980085372924805 , max : 12.787053108215332 , mean : -3.577834367752075 , std : 3.725198984146118
[DEBUG/function.py] -> val in label : {0: 3167484, 1: 109316}
[DEBUG/function.py] -> val in pred  : {0: 187364, 1: 17436} 


Epoch: [4/10] Iter:[60/189], Time: 0.62, lr: [0.0003006479409304308], Loss: 0.488363
[DEBUG/function.py] -> pred (logits) stats :
  shape        : torch.Size([32, 2, 80, 80])
  classe 0 - min : -11.424539566040039 , max : 24.90752601623535 , mean : 3.6274306774139404 , std : 3.7835702896118164
  classe 1 - min : -24.8674259185791 , max : 11.210909843444824 , mean : -3.586650848388672 , std : 3.764434576034546
[DEBUG/function.py] -> val in label : {0: 3168172, 1: 108628}
[DEBUG/function.py] -> val in pred  : {0: 187566, 1: 17234} 


Epoch: [4/10] Iter:[70/189], Time: 0.62, lr: [0.0002981273678501324], Loss: 0.487875
[DEBUG/function.py] -> pred (logits) stats :
  shape        : torch.Size([32, 2, 80, 80])
  classe 0 - min : -12.142804145812988 , max : 25.413803100585938 , mean : 3.646657943725586 , std : 3.794463634490967
  classe 1 - min : -25.385040283203125 , max : 11.906435012817383 , mean : -3.606032609939575 , std : 3.775311231613159
[DEBUG/function.py] -> val in label : {0: 3156354, 1: 120446}
[DEBUG/function.py] -> val in pred  : {0: 187508, 1: 17292} 


Epoch: [4/10] Iter:[80/189], Time: 0.61, lr: [0.0002956044246599351], Loss: 0.487428
[DEBUG/function.py] -> pred (logits) stats :
  shape        : torch.Size([32, 2, 80, 80])
  classe 0 - min : -12.361964225769043 , max : 25.799211502075195 , mean : 3.6442503929138184 , std : 3.8303418159484863
  classe 1 - min : -25.764482498168945 , max : 12.106014251708984 , mean : -3.6036903858184814 , std : 3.811166524887085
[DEBUG/function.py] -> val in label : {0: 3167755, 1: 109045}
[DEBUG/function.py] -> val in pred  : {0: 187704, 1: 17096} 


Epoch: [4/10] Iter:[90/189], Time: 0.61, lr: [0.0002930790866118692], Loss: 0.487027
[DEBUG/function.py] -> pred (logits) stats :
  shape        : torch.Size([32, 2, 80, 80])
  classe 0 - min : -12.76677417755127 , max : 28.828107833862305 , mean : 3.636605739593506 , std : 3.8779609203338623
  classe 1 - min : -28.783266067504883 , max : 12.502459526062012 , mean : -3.5966410636901855 , std : 3.8580918312072754
[DEBUG/function.py] -> val in label : {0: 3142803, 1: 133997}
[DEBUG/function.py] -> val in pred  : {0: 185030, 1: 19770} 


Epoch: [4/10] Iter:[100/189], Time: 0.61, lr: [0.0002905513284599004], Loss: 0.486146
[DEBUG/function.py] -> pred (logits) stats :
  shape        : torch.Size([32, 2, 80, 80])
  classe 0 - min : -12.040059089660645 , max : 24.73322296142578 , mean : 3.6645596027374268 , std : 3.8737428188323975
  classe 1 - min : -24.697086334228516 , max : 11.803011894226074 , mean : -3.624554395675659 , std : 3.8532841205596924
[DEBUG/function.py] -> val in label : {0: 3155415, 1: 121385}
[DEBUG/function.py] -> val in pred  : {0: 185855, 1: 18945} 


Epoch: [4/10] Iter:[110/189], Time: 0.61, lr: [0.00028802112444498916], Loss: 0.485025
[DEBUG/function.py] -> pred (logits) stats :
  shape        : torch.Size([32, 2, 80, 80])
  classe 0 - min : -12.773995399475098 , max : 26.21133804321289 , mean : 3.657827377319336 , std : 3.9432554244995117
  classe 1 - min : -26.1646728515625 , max : 12.506314277648926 , mean : -3.6174778938293457 , std : 3.9232544898986816
[DEBUG/function.py] -> val in label : {0: 3165518, 1: 111282}
[DEBUG/function.py] -> val in pred  : {0: 187088, 1: 17712} 


Epoch: [4/10] Iter:[120/189], Time: 0.61, lr: [0.000285488448279552], Loss: 0.483898
[DEBUG/function.py] -> pred (logits) stats :
  shape        : torch.Size([32, 2, 80, 80])
  classe 0 - min : -11.516881942749023 , max : 25.451904296875 , mean : 3.666283369064331 , std : 3.9637835025787354
  classe 1 - min : -25.404748916625977 , max : 11.278242111206055 , mean : -3.6260223388671875 , std : 3.943695545196533
[DEBUG/function.py] -> val in label : {0: 3163213, 1: 113587}
[DEBUG/function.py] -> val in pred  : {0: 186548, 1: 18252} 


Epoch: [4/10] Iter:[130/189], Time: 0.61, lr: [0.0002829532731312935], Loss: 0.483223
[DEBUG/function.py] -> pred (logits) stats :
  shape        : torch.Size([32, 2, 80, 80])
  classe 0 - min : -13.544413566589355 , max : 26.568668365478516 , mean : 3.687380790710449 , std : 3.9616706371307373
  classe 1 - min : -26.51640510559082 , max : 13.265522956848145 , mean : -3.647160530090332 , std : 3.9414994716644287
[DEBUG/function.py] -> val in label : {0: 3151203, 1: 125597}
[DEBUG/function.py] -> val in pred  : {0: 186331, 1: 18469} 


Epoch: [4/10] Iter:[140/189], Time: 0.61, lr: [0.0002804155716063782], Loss: 0.482469
[DEBUG/function.py] -> pred (logits) stats :
  shape        : torch.Size([32, 2, 80, 80])
  classe 0 - min : -14.462997436523438 , max : 27.84840965270996 , mean : 3.6846044063568115 , std : 4.005566120147705
  classe 1 - min : -27.803787231445312 , max : 14.177854537963867 , mean : -3.6445324420928955 , std : 3.9852488040924072
[DEBUG/function.py] -> val in label : {0: 3151528, 1: 125272}
[DEBUG/function.py] -> val in pred  : {0: 185938, 1: 18862} 


Epoch: [4/10] Iter:[150/189], Time: 0.61, lr: [0.00027787531573190787], Loss: 0.481478
[DEBUG/function.py] -> pred (logits) stats :
  shape        : torch.Size([32, 2, 80, 80])
  classe 0 - min : -14.657915115356445 , max : 26.799610137939453 , mean : 3.704862594604492 , std : 4.016810417175293
  classe 1 - min : -26.75267791748047 , max : 14.349674224853516 , mean : -3.664536714553833 , std : 3.996602773666382
[DEBUG/function.py] -> val in label : {0: 3164383, 1: 112417}
[DEBUG/function.py] -> val in pred  : {0: 187206, 1: 17594} 


Epoch: [4/10] Iter:[160/189], Time: 0.61, lr: [0.0002753324769376685], Loss: 0.480774
[DEBUG/function.py] -> pred (logits) stats :
  shape        : torch.Size([32, 2, 80, 80])
  classe 0 - min : -13.019186019897461 , max : 28.90376853942871 , mean : 3.7351908683776855 , std : 4.018060207366943
  classe 1 - min : -28.847381591796875 , max : 12.748649597167969 , mean : -3.6948249340057373 , std : 3.9976072311401367
[DEBUG/function.py] -> val in label : {0: 3165023, 1: 111777}
[DEBUG/function.py] -> val in pred  : {0: 187602, 1: 17198} 


Epoch: [4/10] Iter:[170/189], Time: 0.61, lr: [0.00027278702603710767], Loss: 0.480163
[DEBUG/function.py] -> pred (logits) stats :
  shape        : torch.Size([32, 2, 80, 80])
  classe 0 - min : -13.691908836364746 , max : 30.178876876831055 , mean : 3.7174456119537354 , std : 4.079293251037598
  classe 1 - min : -30.115951538085938 , max : 13.410566329956055 , mean : -3.6774699687957764 , std : 4.058862686157227
[DEBUG/function.py] -> val in label : {0: 3153048, 1: 123752}
[DEBUG/function.py] -> val in pred  : {0: 186219, 1: 18581} 


Epoch: [4/10] Iter:[180/189], Time: 0.61, lr: [0.0002702389332075028], Loss: 0.479541
[DEBUG/function.py] -> pred (logits) stats :
  shape        : torch.Size([32, 2, 80, 80])
  classe 0 - min : -12.096278190612793 , max : 28.399385452270508 , mean : 3.7451958656311035 , std : 4.077601432800293
  classe 1 - min : -28.34611701965332 , max : 11.866338729858398 , mean : -3.705315351486206 , std : 4.056825637817383
[DEBUG/function.py] -> val in label : {0: 3146594, 1: 130206}
[DEBUG/function.py] -> val in pred  : {0: 185960, 1: 18840} 


0
0 [0.96688094 0.25126067] 0.6090708050751202
=> saving checkpoint to output/visorando/Visorando/tl_bs32_lr0005_epch10checkpoint.pth.tar
Loss: 0.582, MeanIU:  0.6091, Best_mIoU:  0.6116
[0.96688094 0.25126067]
Epoch: [5/10] Iter:[0/189], Time: 1.38, lr: [0.0002679433656340733], Loss: 0.461697
[DEBUG/function.py] -> pred (logits) stats :
  shape        : torch.Size([32, 2, 80, 80])
  classe 0 - min : -12.943146705627441 , max : 28.78041648864746 , mean : 3.7376701831817627 , std : 4.1451826095581055
  classe 1 - min : -28.723682403564453 , max : 12.694014549255371 , mean : -3.6979286670684814 , std : 4.1243157386779785
[DEBUG/function.py] -> val in label : {0: 3150490, 1: 126310}
[DEBUG/function.py] -> val in pred  : {0: 185613, 1: 19187} 


Epoch: [5/10] Iter:[10/189], Time: 0.68, lr: [0.00026539016860778383], Loss: 0.464264
[DEBUG/function.py] -> pred (logits) stats :
  shape        : torch.Size([32, 2, 80, 80])
  classe 0 - min : -11.925582885742188 , max : 27.2130126953125 , mean : 3.7521605491638184 , std : 4.1492180824279785
  classe 1 - min : -27.151229858398438 , max : 11.688067436218262 , mean : -3.7123594284057617 , std : 4.1283416748046875
[DEBUG/function.py] -> val in label : {0: 3154207, 1: 122593}
[DEBUG/function.py] -> val in pred  : {0: 185645, 1: 19155} 


Epoch: [5/10] Iter:[20/189], Time: 0.64, lr: [0.00026283423937398053], Loss: 0.464684
[DEBUG/function.py] -> pred (logits) stats :
  shape        : torch.Size([32, 2, 80, 80])
  classe 0 - min : -13.719587326049805 , max : 29.775320053100586 , mean : 3.7587287425994873 , std : 4.170751571655273
  classe 1 - min : -29.731063842773438 , max : 13.452118873596191 , mean : -3.718593120574951 , std : 4.150254249572754
[DEBUG/function.py] -> val in label : {0: 3162867, 1: 113933}
[DEBUG/function.py] -> val in pred  : {0: 186948, 1: 17852} 


Epoch: [5/10] Iter:[30/189], Time: 0.63, lr: [0.00026027554542271727], Loss: 0.464766
[DEBUG/function.py] -> pred (logits) stats :
  shape        : torch.Size([32, 2, 80, 80])
  classe 0 - min : -12.429486274719238 , max : 28.047653198242188 , mean : 3.7768752574920654 , std : 4.17092227935791
  classe 1 - min : -28.000917434692383 , max : 12.168596267700195 , mean : -3.736870050430298 , std : 4.1505351066589355
[DEBUG/function.py] -> val in label : {0: 3158436, 1: 118364}
[DEBUG/function.py] -> val in pred  : {0: 185804, 1: 18996} 


Epoch: [5/10] Iter:[40/189], Time: 0.62, lr: [0.000257714053497467], Loss: 0.465060
[DEBUG/function.py] -> pred (logits) stats :
  shape        : torch.Size([32, 2, 80, 80])
  classe 0 - min : -13.17909049987793 , max : 28.60282325744629 , mean : 3.785362958908081 , std : 4.199918270111084
  classe 1 - min : -28.555932998657227 , max : 12.915861129760742 , mean : -3.7452850341796875 , std : 4.17982292175293
[DEBUG/function.py] -> val in label : {0: 3153169, 1: 123631}
[DEBUG/function.py] -> val in pred  : {0: 186362, 1: 18438} 


Epoch: [5/10] Iter:[50/189], Time: 0.62, lr: [0.0002551497295695318], Loss: 0.464707
[DEBUG/function.py] -> pred (logits) stats :
  shape        : torch.Size([32, 2, 80, 80])
  classe 0 - min : -15.89413833618164 , max : 29.166715621948242 , mean : 3.7848589420318604 , std : 4.243387699127197
  classe 1 - min : -29.12409019470215 , max : 15.581725120544434 , mean : -3.744324207305908 , std : 4.223742961883545
[DEBUG/function.py] -> val in label : {0: 3174793, 1: 102007}
[DEBUG/function.py] -> val in pred  : {0: 187949, 1: 16851} 


Epoch: [5/10] Iter:[60/189], Time: 0.62, lr: [0.0002525825388112801], Loss: 0.464322
[DEBUG/function.py] -> pred (logits) stats :
  shape        : torch.Size([32, 2, 80, 80])
  classe 0 - min : -13.379964828491211 , max : 27.795528411865234 , mean : 3.8033366203308105 , std : 4.250856876373291
  classe 1 - min : -27.75783348083496 , max : 13.117616653442383 , mean : -3.763103485107422 , std : 4.2316765785217285
[DEBUG/function.py] -> val in label : {0: 3158021, 1: 118779}
[DEBUG/function.py] -> val in pred  : {0: 185773, 1: 19027} 


Epoch: [5/10] Iter:[70/189], Time: 0.62, lr: [0.0002500124455681438], Loss: 0.463976
[DEBUG/function.py] -> pred (logits) stats :
  shape        : torch.Size([32, 2, 80, 80])
  classe 0 - min : -14.666526794433594 , max : 29.343286514282227 , mean : 3.8270862102508545 , std : 4.253530502319336
  classe 1 - min : -29.308767318725586 , max : 14.381677627563477 , mean : -3.7863564491271973 , std : 4.235021114349365
[DEBUG/function.py] -> val in label : {0: 3173407, 1: 103393}
[DEBUG/function.py] -> val in pred  : {0: 187999, 1: 16801} 


Epoch: [5/10] Iter:[80/189], Time: 0.61, lr: [0.0002474394133293014], Loss: 0.463349
[DEBUG/function.py] -> pred (logits) stats :
  shape        : torch.Size([32, 2, 80, 80])
  classe 0 - min : -15.094796180725098 , max : 32.99808120727539 , mean : 3.809645652770996 , std : 4.309222221374512
  classe 1 - min : -32.96650314331055 , max : 14.804054260253906 , mean : -3.769045114517212 , std : 4.2911577224731445
[DEBUG/function.py] -> val in label : {0: 3158527, 1: 118273}
[DEBUG/function.py] -> val in pred  : {0: 186687, 1: 18113} 


Epoch: [5/10] Iter:[90/189], Time: 0.61, lr: [0.00024486340469697125], Loss: 0.463351
[DEBUG/function.py] -> pred (logits) stats :
  shape        : torch.Size([32, 2, 80, 80])
  classe 0 - min : -12.937235832214355 , max : 31.4777774810791 , mean : 3.8286445140838623 , std : 4.3079400062561035
  classe 1 - min : -31.453346252441406 , max : 12.699740409851074 , mean : -3.7879064083099365 , std : 4.290075302124023
[DEBUG/function.py] -> val in label : {0: 3163806, 1: 112994}
[DEBUG/function.py] -> val in pred  : {0: 187443, 1: 17357} 


Epoch: [5/10] Iter:[100/189], Time: 0.61, lr: [0.00024228438135423148], Loss: 0.463023
[DEBUG/function.py] -> pred (logits) stats :
  shape        : torch.Size([32, 2, 80, 80])
  classe 0 - min : -14.630833625793457 , max : 30.108156204223633 , mean : 3.8415093421936035 , std : 4.330719947814941
  classe 1 - min : -30.079347610473633 , max : 14.348834037780762 , mean : -3.800793409347534 , std : 4.3131327629089355
[DEBUG/function.py] -> val in label : {0: 3162570, 1: 114230}
[DEBUG/function.py] -> val in pred  : {0: 186747, 1: 18053} 


Epoch: [5/10] Iter:[110/189], Time: 0.61, lr: [0.00023970230403127634], Loss: 0.462584
[DEBUG/function.py] -> pred (logits) stats :
  shape        : torch.Size([32, 2, 80, 80])
  classe 0 - min : -12.053409576416016 , max : 29.906064987182617 , mean : 3.8535072803497314 , std : 4.334402561187744
  classe 1 - min : -29.88013458251953 , max : 11.822969436645508 , mean : -3.813483476638794 , std : 4.316384792327881
[DEBUG/function.py] -> val in label : {0: 3128188, 1: 148612}
[DEBUG/function.py] -> val in pred  : {0: 183284, 1: 21516} 


Epoch: [5/10] Iter:[120/189], Time: 0.61, lr: [0.00023711713247001606], Loss: 0.462241
[DEBUG/function.py] -> pred (logits) stats :
  shape        : torch.Size([32, 2, 80, 80])
  classe 0 - min : -13.997000694274902 , max : 30.35103416442871 , mean : 3.8477535247802734 , std : 4.384036064147949
  classe 1 - min : -30.323604583740234 , max : 13.72740364074707 , mean : -3.8071982860565186 , std : 4.366598606109619
[DEBUG/function.py] -> val in label : {0: 3166215, 1: 110585}
[DEBUG/function.py] -> val in pred  : {0: 186220, 1: 18580} 


Epoch: [5/10] Iter:[130/189], Time: 0.61, lr: [0.00023452882538691467], Loss: 0.461937
[DEBUG/function.py] -> pred (logits) stats :
  shape        : torch.Size([32, 2, 80, 80])
  classe 0 - min : -13.559653282165527 , max : 31.190305709838867 , mean : 3.8592681884765625 , std : 4.415531635284424
  classe 1 - min : -31.17437171936035 , max : 13.291683197021484 , mean : -3.818824291229248 , std : 4.3980512619018555
[DEBUG/function.py] -> val in label : {0: 3147584, 1: 129216}
[DEBUG/function.py] -> val in pred  : {0: 185334, 1: 19466} 


Epoch: [5/10] Iter:[140/189], Time: 0.61, lr: [0.00023193734043395808], Loss: 0.461638
[DEBUG/function.py] -> pred (logits) stats :
  shape        : torch.Size([32, 2, 80, 80])
  classe 0 - min : -14.576207160949707 , max : 30.714494705200195 , mean : 3.869502544403076 , std : 4.411076545715332
  classe 1 - min : -30.68771743774414 , max : 14.304121971130371 , mean : -3.829106330871582 , std : 4.393669605255127
[DEBUG/function.py] -> val in label : {0: 3152436, 1: 124364}
[DEBUG/function.py] -> val in pred  : {0: 185314, 1: 19486} 


Epoch: [5/10] Iter:[150/189], Time: 0.61, lr: [0.00022934263415763182], Loss: 0.461199
[DEBUG/function.py] -> pred (logits) stats :
  shape        : torch.Size([32, 2, 80, 80])
  classe 0 - min : -12.913013458251953 , max : 30.468441009521484 , mean : 3.8779609203338623 , std : 4.4214277267456055
  classe 1 - min : -30.439577102661133 , max : 12.673454284667969 , mean : -3.8377904891967773 , std : 4.404019832611084
[DEBUG/function.py] -> val in label : {0: 3130305, 1: 146495}
[DEBUG/function.py] -> val in pred  : {0: 183770, 1: 21030} 


Epoch: [5/10] Iter:[160/189], Time: 0.61, lr: [0.00022674466195578245], Loss: 0.460805
[DEBUG/function.py] -> pred (logits) stats :
  shape        : torch.Size([32, 2, 80, 80])
  classe 0 - min : -15.394462585449219 , max : 29.651336669921875 , mean : 3.8986990451812744 , std : 4.441944599151611
  classe 1 - min : -29.616958618164062 , max : 15.088523864746094 , mean : -3.857835531234741 , std : 4.4250288009643555
[DEBUG/function.py] -> val in label : {0: 3156897, 1: 119903}
[DEBUG/function.py] -> val in pred  : {0: 186889, 1: 17911} 


Epoch: [5/10] Iter:[170/189], Time: 0.61, lr: [0.00022414337803222317], Loss: 0.460329
[DEBUG/function.py] -> pred (logits) stats :
  shape        : torch.Size([32, 2, 80, 80])
  classe 0 - min : -14.453207969665527 , max : 30.63340950012207 , mean : 3.90567946434021 , std : 4.450827598571777
  classe 1 - min : -30.611114501953125 , max : 14.184578895568848 , mean : -3.8645896911621094 , std : 4.434330940246582
[DEBUG/function.py] -> val in label : {0: 3170010, 1: 106790}
[DEBUG/function.py] -> val in pred  : {0: 188031, 1: 16769} 


Epoch: [5/10] Iter:[180/189], Time: 0.61, lr: [0.00022153873534893717], Loss: 0.459813
[DEBUG/function.py] -> pred (logits) stats :
  shape        : torch.Size([32, 2, 80, 80])
  classe 0 - min : -16.419445037841797 , max : 34.04349899291992 , mean : 3.902766704559326 , std : 4.486647129058838
  classe 1 - min : -34.0189094543457 , max : 16.10186004638672 , mean : -3.8616063594818115 , std : 4.470329761505127
[DEBUG/function.py] -> val in label : {0: 3173200, 1: 103600}
[DEBUG/function.py] -> val in pred  : {0: 188222, 1: 16578} 


0
0 [0.97452305 0.24000728] 0.607265166226385
=> saving checkpoint to output/visorando/Visorando/tl_bs32_lr0005_epch10checkpoint.pth.tar
Loss: 0.616, MeanIU:  0.6073, Best_mIoU:  0.6116
[0.97452305 0.24000728]
Epoch: [6/10] Iter:[0/189], Time: 1.45, lr: [0.00021919164527704348], Loss: 0.462391
[DEBUG/function.py] -> pred (logits) stats :
  shape        : torch.Size([32, 2, 80, 80])
  classe 0 - min : -14.145461082458496 , max : 34.536155700683594 , mean : 3.920361280441284 , std : 4.5053863525390625
  classe 1 - min : -34.514835357666016 , max : 13.881487846374512 , mean : -3.879392623901367 , std : 4.489009857177734
[DEBUG/function.py] -> val in label : {0: 3157624, 1: 119176}
[DEBUG/function.py] -> val in pred  : {0: 187212, 1: 17588} 


Epoch: [6/10] Iter:[10/189], Time: 0.68, lr: [0.00021658048668981507], Loss: 0.449897
[DEBUG/function.py] -> pred (logits) stats :
  shape        : torch.Size([32, 2, 80, 80])
  classe 0 - min : -14.242292404174805 , max : 30.448379516601562 , mean : 3.92864727973938 , std : 4.514923572540283
  classe 1 - min : -30.429086685180664 , max : 13.975110054016113 , mean : -3.887758731842041 , std : 4.4987101554870605
[DEBUG/function.py] -> val in label : {0: 3153318, 1: 123482}
[DEBUG/function.py] -> val in pred  : {0: 186381, 1: 18419} 


Epoch: [6/10] Iter:[20/189], Time: 0.64, lr: [0.00021396582543274536], Loss: 0.448775
[DEBUG/function.py] -> pred (logits) stats :
  shape        : torch.Size([32, 2, 80, 80])
  classe 0 - min : -15.39327335357666 , max : 33.4681510925293 , mean : 3.9206433296203613 , std : 4.548955917358398
  classe 1 - min : -33.443885803222656 , max : 15.08022689819336 , mean : -3.879580020904541 , std : 4.533162593841553
[DEBUG/function.py] -> val in label : {0: 3164948, 1: 111852}
[DEBUG/function.py] -> val in pred  : {0: 187185, 1: 17615} 


Epoch: [6/10] Iter:[30/189], Time: 0.64, lr: [0.0002113476091173649], Loss: 0.446998
[DEBUG/function.py] -> pred (logits) stats :
  shape        : torch.Size([32, 2, 80, 80])
  classe 0 - min : -13.499939918518066 , max : 31.348827362060547 , mean : 3.926518440246582 , std : 4.575275897979736
  classe 1 - min : -31.333829879760742 , max : 13.230761528015137 , mean : -3.885629892349243 , std : 4.559593200683594
[DEBUG/function.py] -> val in label : {0: 3148660, 1: 128140}
[DEBUG/function.py] -> val in pred  : {0: 185758, 1: 19042} 


Epoch: [6/10] Iter:[40/189], Time: 0.63, lr: [0.0002087257838386516], Loss: 0.447167
[DEBUG/function.py] -> pred (logits) stats :
  shape        : torch.Size([32, 2, 80, 80])
  classe 0 - min : -14.267356872558594 , max : 33.73497009277344 , mean : 3.9416606426239014 , std : 4.578465938568115
  classe 1 - min : -33.72810363769531 , max : 13.994219779968262 , mean : -3.900590658187866 , std : 4.5630292892456055
[DEBUG/function.py] -> val in label : {0: 3161039, 1: 115761}
[DEBUG/function.py] -> val in pred  : {0: 186640, 1: 18160} 


Epoch: [6/10] Iter:[50/189], Time: 0.63, lr: [0.00020610029410931565], Loss: 0.447610
[DEBUG/function.py] -> pred (logits) stats :
  shape        : torch.Size([32, 2, 80, 80])
  classe 0 - min : -15.179944038391113 , max : 35.68678283691406 , mean : 3.9716930389404297 , std : 4.5681562423706055
  classe 1 - min : -35.67293930053711 , max : 14.90366268157959 , mean : -3.930180072784424 , std : 4.553216457366943
[DEBUG/function.py] -> val in label : {0: 3173801, 1: 102999}
[DEBUG/function.py] -> val in pred  : {0: 188475, 1: 16325} 


Epoch: [6/10] Iter:[60/189], Time: 0.62, lr: [0.00020347108279026525], Loss: 0.447900
[DEBUG/function.py] -> pred (logits) stats :
  shape        : torch.Size([32, 2, 80, 80])
  classe 0 - min : -13.699529647827148 , max : 31.932476043701172 , mean : 3.958523988723755 , std : 4.595680236816406
  classe 1 - min : -31.91202163696289 , max : 13.429756164550781 , mean : -3.917407989501953 , std : 4.580657005310059
[DEBUG/function.py] -> val in label : {0: 3157669, 1: 119131}
[DEBUG/function.py] -> val in pred  : {0: 186655, 1: 18145} 


Epoch: [6/10] Iter:[70/189], Time: 0.62, lr: [0.0002008380910169723], Loss: 0.447959
[DEBUG/function.py] -> pred (logits) stats :
  shape        : torch.Size([32, 2, 80, 80])
  classe 0 - min : -14.1725492477417 , max : 33.71294403076172 , mean : 3.9643874168395996 , std : 4.639204978942871
  classe 1 - min : -33.701839447021484 , max : 13.903286933898926 , mean : -3.923360586166382 , std : 4.624267578125
[DEBUG/function.py] -> val in label : {0: 3152562, 1: 124238}
[DEBUG/function.py] -> val in pred  : {0: 185741, 1: 19059} 


Epoch: [6/10] Iter:[80/189], Time: 0.62, lr: [0.00019820125812143363], Loss: 0.448090
[DEBUG/function.py] -> pred (logits) stats :
  shape        : torch.Size([32, 2, 80, 80])
  classe 0 - min : -13.496366500854492 , max : 32.8260498046875 , mean : 3.9784996509552 , std : 4.624436855316162
  classe 1 - min : -32.8135986328125 , max : 13.241958618164062 , mean : -3.9373462200164795 , std : 4.609567642211914
[DEBUG/function.py] -> val in label : {0: 3153980, 1: 122820}
[DEBUG/function.py] -> val in pred  : {0: 186773, 1: 18027} 


Epoch: [6/10] Iter:[90/189], Time: 0.62, lr: [0.000195560521549394], Loss: 0.448151
[DEBUG/function.py] -> pred (logits) stats :
  shape        : torch.Size([32, 2, 80, 80])
  classe 0 - min : -15.257987022399902 , max : 34.002197265625 , mean : 3.9782862663269043 , std : 4.666997909545898
  classe 1 - min : -33.98714065551758 , max : 14.958002090454102 , mean : -3.93705153465271 , std : 4.652186870574951
[DEBUG/function.py] -> val in label : {0: 3154337, 1: 122463}
[DEBUG/function.py] -> val in pred  : {0: 186973, 1: 17827} 


Epoch: [6/10] Iter:[100/189], Time: 0.62, lr: [0.0001929158167724697], Loss: 0.447792
[DEBUG/function.py] -> pred (logits) stats :
  shape        : torch.Size([32, 2, 80, 80])
  classe 0 - min : -14.594551086425781 , max : 35.06332015991211 , mean : 3.987659215927124 , std : 4.68710470199585
  classe 1 - min : -35.04887390136719 , max : 14.315788269042969 , mean : -3.946545362472534 , std : 4.672210216522217
[DEBUG/function.py] -> val in label : {0: 3152851, 1: 123949}
[DEBUG/function.py] -> val in pred  : {0: 186396, 1: 18404} 


Epoch: [6/10] Iter:[110/189], Time: 0.62, lr: [0.00019026707719477324], Loss: 0.447428
[DEBUG/function.py] -> pred (logits) stats :
  shape        : torch.Size([32, 2, 80, 80])
  classe 0 - min : -16.365222930908203 , max : 33.82032012939453 , mean : 3.9918346405029297 , std : 4.6969757080078125
  classe 1 - min : -33.792293548583984 , max : 16.049171447753906 , mean : -3.950706720352173 , std : 4.682150363922119
[DEBUG/function.py] -> val in label : {0: 3155416, 1: 121384}
[DEBUG/function.py] -> val in pred  : {0: 186582, 1: 18218} 


Epoch: [6/10] Iter:[120/189], Time: 0.62, lr: [0.00018761423405360764], Loss: 0.446765
[DEBUG/function.py] -> pred (logits) stats :
  shape        : torch.Size([32, 2, 80, 80])
  classe 0 - min : -13.32151985168457 , max : 34.81572723388672 , mean : 3.9896867275238037 , std : 4.71803617477417
  classe 1 - min : -34.79998779296875 , max : 13.08096981048584 , mean : -3.948932409286499 , std : 4.702826499938965
[DEBUG/function.py] -> val in label : {0: 3145954, 1: 130846}
[DEBUG/function.py] -> val in pred  : {0: 184875, 1: 19925} 


Epoch: [6/10] Iter:[130/189], Time: 0.62, lr: [0.000184957216313751], Loss: 0.446400
[DEBUG/function.py] -> pred (logits) stats :
  shape        : torch.Size([32, 2, 80, 80])
  classe 0 - min : -13.748964309692383 , max : 37.05857467651367 , mean : 4.012239933013916 , std : 4.736356735229492
  classe 1 - min : -37.043277740478516 , max : 13.50265121459961 , mean : -3.9711387157440186 , std : 4.72128438949585
[DEBUG/function.py] -> val in label : {0: 3154272, 1: 122528}
[DEBUG/function.py] -> val in pred  : {0: 186327, 1: 18473} 


Epoch: [6/10] Iter:[140/189], Time: 0.62, lr: [0.00018229595055481183], Loss: 0.445896
[DEBUG/function.py] -> pred (logits) stats :
  shape        : torch.Size([32, 2, 80, 80])
  classe 0 - min : -15.06067943572998 , max : 34.21962356567383 , mean : 4.019400119781494 , std : 4.740948677062988
  classe 1 - min : -34.20650863647461 , max : 14.769088745117188 , mean : -3.9779767990112305 , std : 4.726339340209961
[DEBUG/function.py] -> val in label : {0: 3167618, 1: 109182}
[DEBUG/function.py] -> val in pred  : {0: 188298, 1: 16502} 


Epoch: [6/10] Iter:[150/189], Time: 0.62, lr: [0.00017963036085107793], Loss: 0.445608
[DEBUG/function.py] -> pred (logits) stats :
  shape        : torch.Size([32, 2, 80, 80])
  classe 0 - min : -14.929121017456055 , max : 33.949344635009766 , mean : 4.032021522521973 , std : 4.753247261047363
  classe 1 - min : -33.93287658691406 , max : 14.660279273986816 , mean : -3.9906792640686035 , std : 4.7383131980896
[DEBUG/function.py] -> val in label : {0: 3164694, 1: 112106}
[DEBUG/function.py] -> val in pred  : {0: 187731, 1: 17069} 


Epoch: [6/10] Iter:[160/189], Time: 0.62, lr: [0.00017696036864322902], Loss: 0.445075
[DEBUG/function.py] -> pred (logits) stats :
  shape        : torch.Size([32, 2, 80, 80])
  classe 0 - min : -18.67905044555664 , max : 35.64023208618164 , mean : 4.002686500549316 , std : 4.822271347045898
  classe 1 - min : -35.64439010620117 , max : 18.304466247558594 , mean : -3.9612998962402344 , std : 4.807369709014893
[DEBUG/function.py] -> val in label : {0: 3172430, 1: 104370}
[DEBUG/function.py] -> val in pred  : {0: 187688, 1: 17112} 


Epoch: [6/10] Iter:[170/189], Time: 0.62, lr: [0.00017428589260121374], Loss: 0.444782
[DEBUG/function.py] -> pred (logits) stats :
  shape        : torch.Size([32, 2, 80, 80])
  classe 0 - min : -13.542374610900879 , max : 34.25764846801758 , mean : 4.025424003601074 , std : 4.805105209350586
  classe 1 - min : -34.24119567871094 , max : 13.294353485107422 , mean : -3.984407663345337 , std : 4.789724349975586
[DEBUG/function.py] -> val in label : {0: 3158013, 1: 118787}
[DEBUG/function.py] -> val in pred  : {0: 186182, 1: 18618} 


Epoch: [6/10] Iter:[180/189], Time: 0.62, lr: [0.00017160684847752344], Loss: 0.444679
[DEBUG/function.py] -> pred (logits) stats :
  shape        : torch.Size([32, 2, 80, 80])
  classe 0 - min : -16.895959854125977 , max : 35.827613830566406 , mean : 4.045336723327637 , std : 4.799479007720947
  classe 1 - min : -35.81052780151367 , max : 16.573284149169922 , mean : -4.00411319732666 , std : 4.784201145172119
[DEBUG/function.py] -> val in label : {0: 3158619, 1: 118181}
[DEBUG/function.py] -> val in pred  : {0: 187290, 1: 17510} 


0
0 [0.97199039 0.25564653] 0.6138184583161527
=> saving checkpoint to output/visorando/Visorando/tl_bs32_lr0005_epch10checkpoint.pth.tar
Loss: 0.587, MeanIU:  0.6138, Best_mIoU:  0.6138
[0.97199039 0.25564653]
Epoch: [7/10] Iter:[0/189], Time: 1.38, lr: [0.00016919173095082495], Loss: 0.438321
[DEBUG/function.py] -> pred (logits) stats :
  shape        : torch.Size([32, 2, 80, 80])
  classe 0 - min : -13.670982360839844 , max : 34.719425201416016 , mean : 4.041752338409424 , std : 4.830121994018555
  classe 1 - min : -34.691246032714844 , max : 13.425019264221191 , mean : -4.000773906707764 , std : 4.814586162567139
[DEBUG/function.py] -> val in label : {0: 3155315, 1: 121485}
[DEBUG/function.py] -> val in pred  : {0: 186036, 1: 18764} 


Epoch: [7/10] Iter:[10/189], Time: 0.67, lr: [0.00016650376422259027], Loss: 0.436650
[DEBUG/function.py] -> pred (logits) stats :
  shape        : torch.Size([32, 2, 80, 80])
  classe 0 - min : -14.691308975219727 , max : 36.748897552490234 , mean : 4.040346145629883 , std : 4.8521857261657715
  classe 1 - min : -36.724037170410156 , max : 14.410604476928711 , mean : -3.9992763996124268 , std : 4.836761474609375
[DEBUG/function.py] -> val in label : {0: 3156614, 1: 120186}
[DEBUG/function.py] -> val in pred  : {0: 186559, 1: 18241} 


Epoch: [7/10] Iter:[20/189], Time: 0.64, lr: [0.00016381096709403164], Loss: 0.434578
[DEBUG/function.py] -> pred (logits) stats :
  shape        : torch.Size([32, 2, 80, 80])
  classe 0 - min : -14.305767059326172 , max : 39.67654800415039 , mean : 4.052055358886719 , std : 4.8656744956970215
  classe 1 - min : -39.65748977661133 , max : 14.053607940673828 , mean : -4.010990619659424 , std : 4.850298881530762
[DEBUG/function.py] -> val in label : {0: 3159977, 1: 116823}
[DEBUG/function.py] -> val in pred  : {0: 186927, 1: 17873} 


Epoch: [7/10] Iter:[30/189], Time: 0.63, lr: [0.00016111324232770738], Loss: 0.433224
[DEBUG/function.py] -> pred (logits) stats :
  shape        : torch.Size([32, 2, 80, 80])
  classe 0 - min : -15.107771873474121 , max : 35.82642364501953 , mean : 4.049290657043457 , std : 4.893700122833252
  classe 1 - min : -35.804988861083984 , max : 14.815101623535156 , mean : -4.00833797454834 , std : 4.878166198730469
[DEBUG/function.py] -> val in label : {0: 3149703, 1: 127097}
[DEBUG/function.py] -> val in pred  : {0: 186096, 1: 18704} 


Epoch: [7/10] Iter:[40/189], Time: 0.63, lr: [0.00015841048887941375], Loss: 0.432455
[DEBUG/function.py] -> pred (logits) stats :
  shape        : torch.Size([32, 2, 80, 80])
  classe 0 - min : -15.989038467407227 , max : 36.32022476196289 , mean : 4.05843448638916 , std : 4.901777744293213
  classe 1 - min : -36.28345489501953 , max : 15.692084312438965 , mean : -4.017205238342285 , std : 4.886321544647217
[DEBUG/function.py] -> val in label : {0: 3169626, 1: 107174}
[DEBUG/function.py] -> val in pred  : {0: 187447, 1: 17353} 


Epoch: [7/10] Iter:[50/189], Time: 0.62, lr: [0.0001557026016739936], Loss: 0.432995
[DEBUG/function.py] -> pred (logits) stats :
  shape        : torch.Size([32, 2, 80, 80])
  classe 0 - min : -16.15009307861328 , max : 34.745601654052734 , mean : 4.058254718780518 , std : 4.910341739654541
  classe 1 - min : -34.72362518310547 , max : 15.848812103271484 , mean : -4.017223358154297 , std : 4.894837856292725
[DEBUG/function.py] -> val in label : {0: 3156288, 1: 120512}
[DEBUG/function.py] -> val in pred  : {0: 186608, 1: 18192} 


Epoch: [7/10] Iter:[60/189], Time: 0.62, lr: [0.00015298947136334448], Loss: 0.432726
[DEBUG/function.py] -> pred (logits) stats :
  shape        : torch.Size([32, 2, 80, 80])
  classe 0 - min : -16.69783592224121 , max : 36.51206588745117 , mean : 4.074445724487305 , std : 4.915341377258301
  classe 1 - min : -36.489036560058594 , max : 16.3907470703125 , mean : -4.033378601074219 , std : 4.899647235870361
[DEBUG/function.py] -> val in label : {0: 3154521, 1: 122279}
[DEBUG/function.py] -> val in pred  : {0: 186718, 1: 18082} 


Epoch: [7/10] Iter:[70/189], Time: 0.62, lr: [0.00015027098406483085], Loss: 0.432951
[DEBUG/function.py] -> pred (logits) stats :
  shape        : torch.Size([32, 2, 80, 80])
  classe 0 - min : -19.05470085144043 , max : 36.94192123413086 , mean : 4.074520587921143 , std : 4.923369407653809
  classe 1 - min : -36.90605545043945 , max : 18.705547332763672 , mean : -4.03337287902832 , std : 4.907630443572998
[DEBUG/function.py] -> val in label : {0: 3163121, 1: 113679}
[DEBUG/function.py] -> val in pred  : {0: 187259, 1: 17541} 


Epoch: [7/10] Iter:[80/189], Time: 0.62, lr: [0.00014754702107808957], Loss: 0.432566
[DEBUG/function.py] -> pred (logits) stats :
  shape        : torch.Size([32, 2, 80, 80])
  classe 0 - min : -16.43073844909668 , max : 37.78431701660156 , mean : 4.097462177276611 , std : 4.927857875823975
  classe 1 - min : -37.75508117675781 , max : 16.120929718017578 , mean : -4.0562424659729 , std : 4.912033557891846
[DEBUG/function.py] -> val in label : {0: 3162507, 1: 114293}
[DEBUG/function.py] -> val in pred  : {0: 187590, 1: 17210} 


Epoch: [7/10] Iter:[90/189], Time: 0.63, lr: [0.00014481745857795967], Loss: 0.432512
[DEBUG/function.py] -> pred (logits) stats :
  shape        : torch.Size([32, 2, 80, 80])
  classe 0 - min : -13.482913970947266 , max : 37.34978485107422 , mean : 4.069453716278076 , std : 4.9961371421813965
  classe 1 - min : -37.32253646850586 , max : 13.246186256408691 , mean : -4.028695106506348 , std : 4.98016881942749
[DEBUG/function.py] -> val in label : {0: 3150363, 1: 126437}
[DEBUG/function.py] -> val in pred  : {0: 185618, 1: 19182} 


Epoch: [7/10] Iter:[100/189], Time: 0.63, lr: [0.0001420821672809831], Loss: 0.432166
[DEBUG/function.py] -> pred (logits) stats :
  shape        : torch.Size([32, 2, 80, 80])
  classe 0 - min : -15.551648139953613 , max : 36.82286071777344 , mean : 4.091976165771484 , std : 4.968533039093018
  classe 1 - min : -36.79100036621094 , max : 15.274442672729492 , mean : -4.050846099853516 , std : 4.9525957107543945
[DEBUG/function.py] -> val in label : {0: 3164662, 1: 112138}
[DEBUG/function.py] -> val in pred  : {0: 187368, 1: 17432} 


Epoch: [7/10] Iter:[110/189], Time: 0.62, lr: [0.00013934101208258268], Loss: 0.431599
[DEBUG/function.py] -> pred (logits) stats :
  shape        : torch.Size([32, 2, 80, 80])
  classe 0 - min : -15.013667106628418 , max : 39.226688385009766 , mean : 4.089229106903076 , std : 4.990321159362793
  classe 1 - min : -39.19038772583008 , max : 14.746752738952637 , mean : -4.0482659339904785 , std : 4.974203586578369
[DEBUG/function.py] -> val in label : {0: 3155847, 1: 120953}
[DEBUG/function.py] -> val in pred  : {0: 186797, 1: 18003} 


Epoch: [7/10] Iter:[120/189], Time: 0.62, lr: [0.00013659385166164324], Loss: 0.431208
[DEBUG/function.py] -> pred (logits) stats :
  shape        : torch.Size([32, 2, 80, 80])
  classe 0 - min : -15.847896575927734 , max : 38.17464065551758 , mean : 4.093503475189209 , std : 5.012287616729736
  classe 1 - min : -38.14454650878906 , max : 15.543417930603027 , mean : -4.052226543426514 , std : 4.996496200561523
[DEBUG/function.py] -> val in label : {0: 3164107, 1: 112693}
[DEBUG/function.py] -> val in pred  : {0: 188088, 1: 16712} 


Epoch: [7/10] Iter:[130/189], Time: 0.62, lr: [0.00013384053804876738], Loss: 0.430636
[DEBUG/function.py] -> pred (logits) stats :
  shape        : torch.Size([32, 2, 80, 80])
  classe 0 - min : -16.711936950683594 , max : 37.449501037597656 , mean : 4.106700897216797 , std : 5.0232744216918945
  classe 1 - min : -37.40362548828125 , max : 16.405838012695312 , mean : -4.065606117248535 , std : 5.007139205932617
[DEBUG/function.py] -> val in label : {0: 3167780, 1: 109020}
[DEBUG/function.py] -> val in pred  : {0: 187598, 1: 17202} 


Epoch: [7/10] Iter:[140/189], Time: 0.62, lr: [0.0001310809161539633], Loss: 0.430719
[DEBUG/function.py] -> pred (logits) stats :
  shape        : torch.Size([32, 2, 80, 80])
  classe 0 - min : -17.344223022460938 , max : 40.122154235839844 , mean : 4.113461017608643 , std : 5.028761386871338
  classe 1 - min : -40.07754898071289 , max : 17.030765533447266 , mean : -4.072360515594482 , std : 5.012558937072754
[DEBUG/function.py] -> val in label : {0: 3161726, 1: 115074}
[DEBUG/function.py] -> val in pred  : {0: 187517, 1: 17283} 


Epoch: [7/10] Iter:[150/189], Time: 0.62, lr: [0.0001283148232489077], Loss: 0.430639
[DEBUG/function.py] -> pred (logits) stats :
  shape        : torch.Size([32, 2, 80, 80])
  classe 0 - min : -13.970705032348633 , max : 38.153541564941406 , mean : 4.1124796867370605 , std : 5.030071258544922
  classe 1 - min : -38.12302780151367 , max : 13.715950965881348 , mean : -4.071737766265869 , std : 5.013500690460205
[DEBUG/function.py] -> val in label : {0: 3155861, 1: 120939}
[DEBUG/function.py] -> val in pred  : {0: 186034, 1: 18766} 


Epoch: [7/10] Iter:[160/189], Time: 0.62, lr: [0.00012554208839822193], Loss: 0.430584
[DEBUG/function.py] -> pred (logits) stats :
  shape        : torch.Size([32, 2, 80, 80])
  classe 0 - min : -14.847484588623047 , max : 36.085784912109375 , mean : 4.1282572746276855 , std : 5.023678779602051
  classe 1 - min : -36.044097900390625 , max : 14.572102546691895 , mean : -4.087346076965332 , std : 5.007239818572998
[DEBUG/function.py] -> val in label : {0: 3158050, 1: 118750}
[DEBUG/function.py] -> val in pred  : {0: 187098, 1: 17702} 


Epoch: [7/10] Iter:[170/189], Time: 0.62, lr: [0.00012276253183335787], Loss: 0.430588
[DEBUG/function.py] -> pred (logits) stats :
  shape        : torch.Size([32, 2, 80, 80])
  classe 0 - min : -17.298267364501953 , max : 36.58723831176758 , mean : 4.129635334014893 , std : 5.049829006195068
  classe 1 - min : -36.55112075805664 , max : 16.988637924194336 , mean : -4.088493347167969 , std : 5.0334625244140625
[DEBUG/function.py] -> val in label : {0: 3166433, 1: 110367}
[DEBUG/function.py] -> val in pred  : {0: 187918, 1: 16882} 


Epoch: [7/10] Iter:[180/189], Time: 0.62, lr: [0.0001199759642617101], Loss: 0.430221
[DEBUG/function.py] -> pred (logits) stats :
  shape        : torch.Size([32, 2, 80, 80])
  classe 0 - min : -15.708107948303223 , max : 36.91554260253906 , mean : 4.118157386779785 , std : 5.072526454925537
  classe 1 - min : -36.88469314575195 , max : 15.424342155456543 , mean : -4.077500343322754 , std : 5.055826187133789
[DEBUG/function.py] -> val in label : {0: 3160055, 1: 116745}
[DEBUG/function.py] -> val in pred  : {0: 185963, 1: 18837} 


0
0 [0.97217426 0.26482912] 0.6185016887943343
=> saving checkpoint to output/visorando/Visorando/tl_bs32_lr0005_epch10checkpoint.pth.tar
Loss: 0.575, MeanIU:  0.6185, Best_mIoU:  0.6185
[0.97217426 0.26482912]
Epoch: [8/10] Iter:[0/189], Time: 1.26, lr: [0.00011746189430880188], Loss: 0.428364
[DEBUG/function.py] -> pred (logits) stats :
  shape        : torch.Size([32, 2, 80, 80])
  classe 0 - min : -18.000150680541992 , max : 36.78085708618164 , mean : 4.1467413902282715 , std : 5.045955657958984
  classe 1 - min : -36.74201583862305 , max : 17.6776123046875 , mean : -4.105566501617432 , std : 5.029505252838135
[DEBUG/function.py] -> val in label : {0: 3171927, 1: 104873}
[DEBUG/function.py] -> val in pred  : {0: 188652, 1: 16148} 


Epoch: [8/10] Iter:[10/189], Time: 0.68, lr: [0.00011466144679424478], Loss: 0.426106
[DEBUG/function.py] -> pred (logits) stats :
  shape        : torch.Size([32, 2, 80, 80])
  classe 0 - min : -15.469118118286133 , max : 38.282371520996094 , mean : 4.12306547164917 , std : 5.101995468139648
  classe 1 - min : -38.23773193359375 , max : 15.190264701843262 , mean : -4.082164764404297 , std : 5.085449695587158
[DEBUG/function.py] -> val in label : {0: 3166795, 1: 110005}
[DEBUG/function.py] -> val in pred  : {0: 187303, 1: 17497} 


Epoch: [8/10] Iter:[20/189], Time: 0.64, lr: [0.00011185337803267672], Loss: 0.424649
[DEBUG/function.py] -> pred (logits) stats :
  shape        : torch.Size([32, 2, 80, 80])
  classe 0 - min : -17.142641067504883 , max : 37.1279182434082 , mean : 4.130073070526123 , std : 5.0883870124816895
  classe 1 - min : -37.0886116027832 , max : 16.834522247314453 , mean : -4.0892653465271 , std : 5.071736812591553
[DEBUG/function.py] -> val in label : {0: 3152652, 1: 124148}
[DEBUG/function.py] -> val in pred  : {0: 186915, 1: 17885} 


Epoch: [8/10] Iter:[30/189], Time: 0.63, lr: [0.00010903745346406569], Loss: 0.424243
[DEBUG/function.py] -> pred (logits) stats :
  shape        : torch.Size([32, 2, 80, 80])
  classe 0 - min : -16.924880981445312 , max : 37.885337829589844 , mean : 4.1459641456604 , std : 5.098172187805176
  classe 1 - min : -37.83892059326172 , max : 16.616228103637695 , mean : -4.105041980743408 , std : 5.081404685974121
[DEBUG/function.py] -> val in label : {0: 3166581, 1: 110219}
[DEBUG/function.py] -> val in pred  : {0: 187347, 1: 17453} 


Epoch: [8/10] Iter:[40/189], Time: 0.63, lr: [0.00010621342434792923], Loss: 0.423087
[DEBUG/function.py] -> pred (logits) stats :
  shape        : torch.Size([32, 2, 80, 80])
  classe 0 - min : -15.178123474121094 , max : 40.82888412475586 , mean : 4.152534008026123 , std : 5.104640483856201
  classe 1 - min : -40.782135009765625 , max : 14.905475616455078 , mean : -4.111759185791016 , std : 5.0877766609191895
[DEBUG/function.py] -> val in label : {0: 3150410, 1: 126390}
[DEBUG/function.py] -> val in pred  : {0: 186482, 1: 18318} 


Epoch: [8/10] Iter:[50/189], Time: 0.62, lr: [0.00010338102646012347], Loss: 0.423331
[DEBUG/function.py] -> pred (logits) stats :
  shape        : torch.Size([32, 2, 80, 80])
  classe 0 - min : -16.510269165039062 , max : 42.04475402832031 , mean : 4.147006511688232 , std : 5.144163131713867
  classe 1 - min : -42.01573944091797 , max : 16.211515426635742 , mean : -4.106064796447754 , std : 5.127424240112305
[DEBUG/function.py] -> val in label : {0: 3166178, 1: 110622}
[DEBUG/function.py] -> val in pred  : {0: 187510, 1: 17290} 


Epoch: [8/10] Iter:[60/189], Time: 0.62, lr: [0.00010053997862636475], Loss: 0.423226
[DEBUG/function.py] -> pred (logits) stats :
  shape        : torch.Size([32, 2, 80, 80])
  classe 0 - min : -15.72838306427002 , max : 37.166622161865234 , mean : 4.136692523956299 , std : 5.141132354736328
  classe 1 - min : -37.135250091552734 , max : 15.439555168151855 , mean : -4.096098899841309 , std : 5.12429141998291
[DEBUG/function.py] -> val in label : {0: 3153789, 1: 123011}
[DEBUG/function.py] -> val in pred  : {0: 185741, 1: 19059} 


Epoch: [8/10] Iter:[70/189], Time: 0.62, lr: [9.768998106623778e-05], Loss: 0.422849
[DEBUG/function.py] -> pred (logits) stats :
  shape        : torch.Size([32, 2, 80, 80])
  classe 0 - min : -17.42020606994629 , max : 38.913360595703125 , mean : 4.160694599151611 , std : 5.145345687866211
  classe 1 - min : -38.87282943725586 , max : 17.112628936767578 , mean : -4.119709491729736 , std : 5.128579616546631
[DEBUG/function.py] -> val in label : {0: 3167558, 1: 109242}
[DEBUG/function.py] -> val in pred  : {0: 187630, 1: 17170} 


Epoch: [8/10] Iter:[80/189], Time: 0.62, lr: [9.483071351622619e-05], Loss: 0.422538
[DEBUG/function.py] -> pred (logits) stats :
  shape        : torch.Size([32, 2, 80, 80])
  classe 0 - min : -15.821598052978516 , max : 35.81263732910156 , mean : 4.153127193450928 , std : 5.150181770324707
  classe 1 - min : -35.773345947265625 , max : 15.533403396606445 , mean : -4.1123881340026855 , std : 5.133419036865234
[DEBUG/function.py] -> val in label : {0: 3151412, 1: 125388}
[DEBUG/function.py] -> val in pred  : {0: 185981, 1: 18819} 


Epoch: [8/10] Iter:[90/189], Time: 0.62, lr: [9.196183309384815e-05], Loss: 0.422341
[DEBUG/function.py] -> pred (logits) stats :
  shape        : torch.Size([32, 2, 80, 80])
  classe 0 - min : -15.070357322692871 , max : 36.494590759277344 , mean : 4.1628875732421875 , std : 5.147263526916504
  classe 1 - min : -36.46089172363281 , max : 14.803701400756836 , mean : -4.122175216674805 , std : 5.130456447601318
[DEBUG/function.py] -> val in label : {0: 3156747, 1: 120053}
[DEBUG/function.py] -> val in pred  : {0: 186393, 1: 18407} 


Epoch: [8/10] Iter:[100/189], Time: 0.62, lr: [8.908297185691924e-05], Loss: 0.422200
[DEBUG/function.py] -> pred (logits) stats :
  shape        : torch.Size([32, 2, 80, 80])
  classe 0 - min : -16.658281326293945 , max : 37.71002197265625 , mean : 4.1696882247924805 , std : 5.152444839477539
  classe 1 - min : -37.680355072021484 , max : 16.360692977905273 , mean : -4.128719329833984 , std : 5.135837554931641
[DEBUG/function.py] -> val in label : {0: 3162819, 1: 113981}
[DEBUG/function.py] -> val in pred  : {0: 187440, 1: 17360} 


Epoch: [8/10] Iter:[110/189], Time: 0.62, lr: [8.619373400184957e-05], Loss: 0.421946
[DEBUG/function.py] -> pred (logits) stats :
  shape        : torch.Size([32, 2, 80, 80])
  classe 0 - min : -15.019482612609863 , max : 38.554344177246094 , mean : 4.1678948402404785 , std : 5.166815757751465
  classe 1 - min : -38.515254974365234 , max : 14.744986534118652 , mean : -4.127064228057861 , std : 5.150065898895264
[DEBUG/function.py] -> val in label : {0: 3153741, 1: 123059}
[DEBUG/function.py] -> val in pred  : {0: 186623, 1: 18177} 


Epoch: [8/10] Iter:[120/189], Time: 0.62, lr: [8.329369263206813e-05], Loss: 0.421736
[DEBUG/function.py] -> pred (logits) stats :
  shape        : torch.Size([32, 2, 80, 80])
  classe 0 - min : -16.465951919555664 , max : 39.2429084777832 , mean : 4.178827285766602 , std : 5.173033237457275
  classe 1 - min : -39.202125549316406 , max : 16.1590633392334 , mean : -4.13795804977417 , std : 5.156309604644775
[DEBUG/function.py] -> val in label : {0: 3155596, 1: 121204}
[DEBUG/function.py] -> val in pred  : {0: 186961, 1: 17839} 


Epoch: [8/10] Iter:[130/189], Time: 0.62, lr: [8.038238601132326e-05], Loss: 0.421206
[DEBUG/function.py] -> pred (logits) stats :
  shape        : torch.Size([32, 2, 80, 80])
  classe 0 - min : -18.72878646850586 , max : 40.12205123901367 , mean : 4.173408031463623 , std : 5.198761940002441
  classe 1 - min : -40.09272003173828 , max : 18.385169982910156 , mean : -4.1321868896484375 , std : 5.18231201171875
[DEBUG/function.py] -> val in label : {0: 3173585, 1: 103215}
[DEBUG/function.py] -> val in pred  : {0: 188621, 1: 16179} 


Epoch: [8/10] Iter:[140/189], Time: 0.62, lr: [7.745931319555763e-05], Loss: 0.421095
[DEBUG/function.py] -> pred (logits) stats :
  shape        : torch.Size([32, 2, 80, 80])
  classe 0 - min : -17.655242919921875 , max : 40.97531509399414 , mean : 4.179090976715088 , std : 5.192543029785156
  classe 1 - min : -40.93341827392578 , max : 17.331890106201172 , mean : -4.138015270233154 , std : 5.176033020019531
[DEBUG/function.py] -> val in label : {0: 3163837, 1: 112963}
[DEBUG/function.py] -> val in pred  : {0: 187656, 1: 17144} 


Epoch: [8/10] Iter:[150/189], Time: 0.62, lr: [7.452392890970947e-05], Loss: 0.420696
[DEBUG/function.py] -> pred (logits) stats :
  shape        : torch.Size([32, 2, 80, 80])
  classe 0 - min : -16.951618194580078 , max : 38.67408752441406 , mean : 4.172044277191162 , std : 5.200194835662842
  classe 1 - min : -38.64535903930664 , max : 16.651161193847656 , mean : -4.131392955780029 , std : 5.183610916137695
[DEBUG/function.py] -> val in label : {0: 3145917, 1: 130883}
[DEBUG/function.py] -> val in pred  : {0: 185457, 1: 19343} 


Epoch: [8/10] Iter:[160/189], Time: 0.62, lr: [7.157563749988245e-05], Loss: 0.420657
[DEBUG/function.py] -> pred (logits) stats :
  shape        : torch.Size([32, 2, 80, 80])
  classe 0 - min : -17.27412223815918 , max : 40.64968490600586 , mean : 4.178018569946289 , std : 5.218176364898682
  classe 1 - min : -40.6183967590332 , max : 16.96657943725586 , mean : -4.13698148727417 , std : 5.201771259307861
[DEBUG/function.py] -> val in label : {0: 3163167, 1: 113633}
[DEBUG/function.py] -> val in pred  : {0: 187508, 1: 17292} 


Epoch: [8/10] Iter:[170/189], Time: 0.62, lr: [6.861378574367754e-05], Loss: 0.420465
[DEBUG/function.py] -> pred (logits) stats :
  shape        : torch.Size([32, 2, 80, 80])
  classe 0 - min : -15.191094398498535 , max : 37.907222747802734 , mean : 4.1661810874938965 , std : 5.24556303024292
  classe 1 - min : -37.86822509765625 , max : 14.907297134399414 , mean : -4.125560283660889 , std : 5.228956699371338
[DEBUG/function.py] -> val in label : {0: 3155969, 1: 120831}
[DEBUG/function.py] -> val in pred  : {0: 185437, 1: 19363} 


Epoch: [8/10] Iter:[180/189], Time: 0.62, lr: [6.563765423747447e-05], Loss: 0.420324
[DEBUG/function.py] -> pred (logits) stats :
  shape        : torch.Size([32, 2, 80, 80])
  classe 0 - min : -16.697917938232422 , max : 36.98950958251953 , mean : 4.192880153656006 , std : 5.208990573883057
  classe 1 - min : -36.96330261230469 , max : 16.406362533569336 , mean : -4.151983737945557 , std : 5.192389488220215
[DEBUG/function.py] -> val in label : {0: 3158071, 1: 118729}
[DEBUG/function.py] -> val in pred  : {0: 186941, 1: 17859} 


0
0 [0.20250311 0.01903926] 0.11077118526380356
=> saving checkpoint to output/visorando/Visorando/tl_bs32_lr0005_epch10checkpoint.pth.tar
Loss: 0.954, MeanIU:  0.1108, Best_mIoU:  0.6185
[0.20250311 0.01903926]
Epoch: [9/10] Iter:[0/189], Time: 1.45, lr: [6.294627058970836e-05], Loss: 0.414148
[DEBUG/function.py] -> pred (logits) stats :
  shape        : torch.Size([32, 2, 80, 80])
  classe 0 - min : -15.930254936218262 , max : 37.92960739135742 , mean : 4.178013324737549 , std : 5.233797073364258
  classe 1 - min : -37.892398834228516 , max : 15.643329620361328 , mean : -4.13727331161499 , std : 5.217336654663086
[DEBUG/function.py] -> val in label : {0: 3149527, 1: 127273}
[DEBUG/function.py] -> val in pred  : {0: 185955, 1: 18845} 


Epoch: [9/10] Iter:[10/189], Time: 0.71, lr: [5.994074113523147e-05], Loss: 0.418658
[DEBUG/function.py] -> pred (logits) stats :
  shape        : torch.Size([32, 2, 80, 80])
  classe 0 - min : -15.715001106262207 , max : 38.47077178955078 , mean : 4.184145927429199 , std : 5.228190898895264
  classe 1 - min : -38.428863525390625 , max : 15.423431396484375 , mean : -4.143428325653076 , std : 5.211685657501221
[DEBUG/function.py] -> val in label : {0: 3152360, 1: 124440}
[DEBUG/function.py] -> val in pred  : {0: 185951, 1: 18849} 


Epoch: [9/10] Iter:[20/189], Time: 0.67, lr: [5.691836479060837e-05], Loss: 0.416956
[DEBUG/function.py] -> pred (logits) stats :
  shape        : torch.Size([32, 2, 80, 80])
  classe 0 - min : -16.20989418029785 , max : 38.67149353027344 , mean : 4.1909708976745605 , std : 5.242525577545166
  classe 1 - min : -38.63309097290039 , max : 15.93000602722168 , mean : -4.149964332580566 , std : 5.226135730743408
[DEBUG/function.py] -> val in label : {0: 3159971, 1: 116829}
[DEBUG/function.py] -> val in pred  : {0: 187234, 1: 17566} 


Epoch: [9/10] Iter:[30/189], Time: 0.65, lr: [5.3878040507851964e-05], Loss: 0.416103
[DEBUG/function.py] -> pred (logits) stats :
  shape        : torch.Size([32, 2, 80, 80])
  classe 0 - min : -16.325448989868164 , max : 39.92227554321289 , mean : 4.181293487548828 , std : 5.24788761138916
  classe 1 - min : -39.89299774169922 , max : 16.03879165649414 , mean : -4.140512943267822 , std : 5.231558322906494
[DEBUG/function.py] -> val in label : {0: 3146295, 1: 130505}
[DEBUG/function.py] -> val in pred  : {0: 186106, 1: 18694} 


Epoch: [9/10] Iter:[40/189], Time: 0.65, lr: [5.08185210900365e-05], Loss: 0.415782
[DEBUG/function.py] -> pred (logits) stats :
  shape        : torch.Size([32, 2, 80, 80])
  classe 0 - min : -15.656065940856934 , max : 40.98910140991211 , mean : 4.1958208084106445 , std : 5.24836540222168
  classe 1 - min : -40.94933319091797 , max : 15.366788864135742 , mean : -4.154936790466309 , std : 5.231964588165283
[DEBUG/function.py] -> val in label : {0: 3149825, 1: 126975}
[DEBUG/function.py] -> val in pred  : {0: 186415, 1: 18385} 


Epoch: [9/10] Iter:[50/189], Time: 0.64, lr: [4.7738382600056776e-05], Loss: 0.414617
[DEBUG/function.py] -> pred (logits) stats :
  shape        : torch.Size([32, 2, 80, 80])
  classe 0 - min : -15.345146179199219 , max : 38.9669189453125 , mean : 4.187588214874268 , std : 5.25400972366333
  classe 1 - min : -38.9439811706543 , max : 15.056451797485352 , mean : -4.146791458129883 , std : 5.237675189971924
[DEBUG/function.py] -> val in label : {0: 3150450, 1: 126350}
[DEBUG/function.py] -> val in pred  : {0: 186002, 1: 18798} 


Epoch: [9/10] Iter:[60/189], Time: 0.63, lr: [4.46359846798527e-05], Loss: 0.414752
[DEBUG/function.py] -> pred (logits) stats :
  shape        : torch.Size([32, 2, 80, 80])
  classe 0 - min : -15.64758586883545 , max : 38.344581604003906 , mean : 4.189520359039307 , std : 5.2635955810546875
  classe 1 - min : -38.31354904174805 , max : 15.381589889526367 , mean : -4.148603916168213 , std : 5.2474188804626465
[DEBUG/function.py] -> val in label : {0: 3165056, 1: 111744}
[DEBUG/function.py] -> val in pred  : {0: 186756, 1: 18044} 


Epoch: [9/10] Iter:[70/189], Time: 0.63, lr: [4.150941815464303e-05], Loss: 0.414662
[DEBUG/function.py] -> pred (logits) stats :
  shape        : torch.Size([32, 2, 80, 80])
  classe 0 - min : -16.42230987548828 , max : 37.72174072265625 , mean : 4.205809116363525 , std : 5.247700214385986
  classe 1 - min : -37.69465637207031 , max : 16.13132667541504 , mean : -4.164934158325195 , std : 5.231379508972168
[DEBUG/function.py] -> val in label : {0: 3154299, 1: 122501}
[DEBUG/function.py] -> val in pred  : {0: 186371, 1: 18429} 


Epoch: [9/10] Iter:[80/189], Time: 0.63, lr: [3.835643441824578e-05], Loss: 0.414399
[DEBUG/function.py] -> pred (logits) stats :
  shape        : torch.Size([32, 2, 80, 80])
  classe 0 - min : -15.439128875732422 , max : 38.430049896240234 , mean : 4.205427646636963 , std : 5.259256839752197
  classe 1 - min : -38.386940002441406 , max : 15.180220603942871 , mean : -4.164549350738525 , std : 5.24301290512085
[DEBUG/function.py] -> val in label : {0: 3160938, 1: 115862}
[DEBUG/function.py] -> val in pred  : {0: 186456, 1: 18344} 


Epoch: [9/10] Iter:[90/189], Time: 0.63, lr: [3.5174347977429036e-05], Loss: 0.414250
[DEBUG/function.py] -> pred (logits) stats :
  shape        : torch.Size([32, 2, 80, 80])
  classe 0 - min : -16.79486083984375 , max : 40.98258590698242 , mean : 4.195470809936523 , std : 5.273457050323486
  classe 1 - min : -40.94643783569336 , max : 16.50115394592285 , mean : -4.154465198516846 , std : 5.25737190246582
[DEBUG/function.py] -> val in label : {0: 3158201, 1: 118599}
[DEBUG/function.py] -> val in pred  : {0: 187027, 1: 17773} 


Epoch: [9/10] Iter:[100/189], Time: 0.62, lr: [3.195989814475209e-05], Loss: 0.414076
[DEBUG/function.py] -> pred (logits) stats :
  shape        : torch.Size([32, 2, 80, 80])
  classe 0 - min : -15.595410346984863 , max : 37.496089935302734 , mean : 4.198051929473877 , std : 5.273271560668945
  classe 1 - min : -37.47076416015625 , max : 15.31187629699707 , mean : -4.157059192657471 , std : 5.257237434387207
[DEBUG/function.py] -> val in label : {0: 3161542, 1: 115258}
[DEBUG/function.py] -> val in pred  : {0: 186881, 1: 17919} 


Epoch: [9/10] Iter:[110/189], Time: 0.62, lr: [2.8709046104886648e-05], Loss: 0.413816
[DEBUG/function.py] -> pred (logits) stats :
  shape        : torch.Size([32, 2, 80, 80])
  classe 0 - min : -19.346397399902344 , max : 39.33602523803711 , mean : 4.1917643547058105 , std : 5.291011333465576
  classe 1 - min : -39.30615234375 , max : 18.993515014648438 , mean : -4.150642395019531 , std : 5.275060653686523
[DEBUG/function.py] -> val in label : {0: 3166784, 1: 110016}
[DEBUG/function.py] -> val in pred  : {0: 187618, 1: 17182} 


Epoch: [9/10] Iter:[120/189], Time: 0.62, lr: [2.5416664849171582e-05], Loss: 0.413662
[DEBUG/function.py] -> pred (logits) stats :
  shape        : torch.Size([32, 2, 80, 80])
  classe 0 - min : -16.513641357421875 , max : 38.357093811035156 , mean : 4.2140326499938965 , std : 5.272751331329346
  classe 1 - min : -38.321319580078125 , max : 16.213220596313477 , mean : -4.172979831695557 , std : 5.256604194641113
[DEBUG/function.py] -> val in label : {0: 3162379, 1: 114421}
[DEBUG/function.py] -> val in pred  : {0: 187301, 1: 17499} 


Epoch: [9/10] Iter:[130/189], Time: 0.62, lr: [2.2076040953485337e-05], Loss: 0.413445
[DEBUG/function.py] -> pred (logits) stats :
  shape        : torch.Size([32, 2, 80, 80])
  classe 0 - min : -16.42507553100586 , max : 40.596900939941406 , mean : 4.2061614990234375 , std : 5.276141166687012
  classe 1 - min : -40.574424743652344 , max : 16.138601303100586 , mean : -4.165313720703125 , std : 5.259940147399902
[DEBUG/function.py] -> val in label : {0: 3148132, 1: 128668}
[DEBUG/function.py] -> val in pred  : {0: 186029, 1: 18771} 


Epoch: [9/10] Iter:[140/189], Time: 0.62, lr: [1.86780207099147e-05], Loss: 0.413374
[DEBUG/function.py] -> pred (logits) stats :
  shape        : torch.Size([32, 2, 80, 80])
  classe 0 - min : -18.3601016998291 , max : 40.2401123046875 , mean : 4.20020055770874 , std : 5.29205322265625
  classe 1 - min : -40.20309829711914 , max : 18.028100967407227 , mean : -4.158927917480469 , std : 5.27610969543457
[DEBUG/function.py] -> val in label : {0: 3169679, 1: 107121}
[DEBUG/function.py] -> val in pred  : {0: 188269, 1: 16531} 


Epoch: [9/10] Iter:[150/189], Time: 0.62, lr: [1.5209415588566042e-05], Loss: 0.413358
[DEBUG/function.py] -> pred (logits) stats :
  shape        : torch.Size([32, 2, 80, 80])
  classe 0 - min : -16.29572105407715 , max : 39.30845642089844 , mean : 4.186641216278076 , std : 5.298969745635986
  classe 1 - min : -39.2706413269043 , max : 16.00693130493164 , mean : -4.145721435546875 , std : 5.283066272735596
[DEBUG/function.py] -> val in label : {0: 3155007, 1: 121793}
[DEBUG/function.py] -> val in pred  : {0: 186403, 1: 18397} 


Epoch: [9/10] Iter:[160/189], Time: 0.62, lr: [1.164964197944871e-05], Loss: 0.413152
[DEBUG/function.py] -> pred (logits) stats :
  shape        : torch.Size([32, 2, 80, 80])
  classe 0 - min : -17.05653190612793 , max : 37.00345993041992 , mean : 4.211857318878174 , std : 5.274724960327148
  classe 1 - min : -36.97093200683594 , max : 16.739450454711914 , mean : -4.170943260192871 , std : 5.258607387542725
[DEBUG/function.py] -> val in label : {0: 3161619, 1: 115181}
[DEBUG/function.py] -> val in pred  : {0: 186580, 1: 18220} 


Epoch: [9/10] Iter:[170/189], Time: 0.62, lr: [7.962191550870385e-06], Loss: 0.413234
[DEBUG/function.py] -> pred (logits) stats :
  shape        : torch.Size([32, 2, 80, 80])
  classe 0 - min : -15.215659141540527 , max : 39.70846176147461 , mean : 4.206721305847168 , std : 5.2858567237854
  classe 1 - min : -39.681739807128906 , max : 14.942954063415527 , mean : -4.1658148765563965 , std : 5.269752025604248
[DEBUG/function.py] -> val in label : {0: 3147125, 1: 129675}
[DEBUG/function.py] -> val in pred  : {0: 186234, 1: 18566} 


Epoch: [9/10] Iter:[180/189], Time: 0.62, lr: [4.064177236937829e-06], Loss: 0.413113
[DEBUG/function.py] -> pred (logits) stats :
  shape        : torch.Size([32, 2, 80, 80])
  classe 0 - min : -17.66031265258789 , max : 39.9365234375 , mean : 4.201797962188721 , std : 5.301265239715576
  classe 1 - min : -39.90414810180664 , max : 17.350553512573242 , mean : -4.160609722137451 , std : 5.2853498458862305
[DEBUG/function.py] -> val in label : {0: 3170979, 1: 105821}
[DEBUG/function.py] -> val in pred  : {0: 188152, 1: 16648} 


0
0 [0.95234951 0.19130418] 0.5718268429423677
=> saving checkpoint to output/visorando/Visorando/tl_bs32_lr0005_epch10checkpoint.pth.tar
Loss: 0.655, MeanIU:  0.5718, Best_mIoU:  0.6185
[0.95234951 0.19130418]
Hours: 0
Done
=== Running : python3 tools/train.py --cfg experiments/visorando/tl_bs32_lr0005_epch15.yaml ===
Seeding with 304
=> creating output/visorando/Visorando/tl_bs32_lr0005_epch15
=> creating log/Visorando/seg_hrnet/tl_bs32_lr0005_epch15_2025-06-12-16-13
Namespace(cfg='experiments/visorando/tl_bs32_lr0005_epch15.yaml', seed=304, local_rank=-1, opts=[], comp=False)
AUTO_RESUME: False
CUDNN:
  BENCHMARK: True
  DETERMINISTIC: False
  ENABLED: True
DATASET:
  AUTO_STATS: False
  AUTO_WEIGHT: False
  BASE_SIZE: 320
  CROP_SIZE: [320, 320]
  DATASET: Visorando
  DOWNSAMPLE_RATE: 1
  EXTRA_TRAIN_SET: 
  FLIP: True
  IGNORE_LABEL: -1
  MEAN: [0.5, 0.5, 0.5]
  MULTI_SCALE: True
  NUM_CLASSES: 2
  NUM_SAMPLES: None
  ROOT: data/
  SCALE_FACTOR: 16
  STD: [0.5, 0.5, 0.5]
  TEST_SET: list/visorando/val.lst
  TRAIN_SET: list/visorando/train.lst
DEBUG:
  DEBUG: False
  SAVE_BATCH_IMAGES_GT: False
  SAVE_BATCH_IMAGES_PRED: False
  SAVE_HEATMAPS_GT: False
  SAVE_HEATMAPS_PRED: False
GPUS: (0,)
LOG_DIR: log
LOSS:
  BALANCE_WEIGHTS: [1]
  LBD: 0.002
  TYPE: tl
MODEL:
  ALIGN_CORNERS: True
  EXTRA:
    FINAL_CONV_KERNEL: 1
    STAGE1:
      BLOCK: BOTTLENECK
      FUSE_METHOD: SUM
      NUM_BLOCKS: [4]
      NUM_BRANCHES: 1
      NUM_CHANNELS: [64]
      NUM_MODULES: 1
    STAGE2:
      BLOCK: BASIC
      FUSE_METHOD: SUM
      NUM_BLOCKS: [4, 4]
      NUM_BRANCHES: 2
      NUM_CHANNELS: [48, 96]
      NUM_MODULES: 1
    STAGE3:
      BLOCK: BASIC
      FUSE_METHOD: SUM
      NUM_BLOCKS: [4, 4, 4]
      NUM_BRANCHES: 3
      NUM_CHANNELS: [48, 96, 192]
      NUM_MODULES: 4
    STAGE4:
      BLOCK: BASIC
      FUSE_METHOD: SUM
      NUM_BLOCKS: [4, 4, 4, 4]
      NUM_BRANCHES: 4
      NUM_CHANNELS: [48, 96, 192, 384]
      NUM_MODULES: 3
  NAME: seg_hrnet
  NUM_OUTPUTS: 1
  OCR:
    DROPOUT: 0.05
    KEY_CHANNELS: 256
    MID_CHANNELS: 512
    SCALE: 1
  PRETRAINED: 
OUTPUT_DIR: output/visorando
PIN_MEMORY: True
PRINT_FREQ: 10
RANK: 0
TEST:
  BASE_SIZE: 320
  BATCH_SIZE_PER_GPU: 32
  FLIP_TEST: True
  IMAGE_SIZE: [320, 320]
  MODEL_FILE: 
  MULTI_SCALE: True
  NUM_SAMPLES: None
  OUTPUT_INDEX: -1
  SCALE_LIST: [1]
TRAIN:
  BASE_SIZE: 320
  BATCH_SIZE_PER_GPU: 32
  BEGIN_EPOCH: 0
  DOWNSAMPLERATE: 1
  END_EPOCH: 15
  EXTRA_EPOCH: 0
  EXTRA_LR: 0.001
  FLIP: True
  FREEZE_EPOCHS: -1
  FREEZE_LAYERS: 
  IGNORE_LABEL: -1
  IMAGE_SIZE: [320, 320]
  LR: 0.0005
  LR_FACTOR: 0.1
  LR_STEP: [90, 110]
  MOMENTUM: 0.9
  MULTI_SCALE: True
  NESTEROV: False
  NONBACKBONE_KEYWORDS: []
  NONBACKBONE_MULT: 10
  NUM_SAMPLES: 0
  OPTIMIZER: sgd
  RANDOM_BRIGHTNESS: False
  RANDOM_BRIGHTNESS_SHIFT_VALUE: 10
  RESUME: output/visorando/Visorando/tl_bs32_lr0005_epch10/
  SCALE_FACTOR: 16
  SHUFFLE: True
  WD: 0.0005
WORKERS: 8

 extra :  FINAL_CONV_KERNEL: 1
STAGE1:
  BLOCK: BOTTLENECK
  FUSE_METHOD: SUM
  NUM_BLOCKS: [4]
  NUM_BRANCHES: 1
  NUM_CHANNELS: [64]
  NUM_MODULES: 1
STAGE2:
  BLOCK: BASIC
  FUSE_METHOD: SUM
  NUM_BLOCKS: [4, 4]
  NUM_BRANCHES: 2
  NUM_CHANNELS: [48, 96]
  NUM_MODULES: 1
STAGE3:
  BLOCK: BASIC
  FUSE_METHOD: SUM
  NUM_BLOCKS: [4, 4, 4]
  NUM_BRANCHES: 3
  NUM_CHANNELS: [48, 96, 192]
  NUM_MODULES: 4
STAGE4:
  BLOCK: BASIC
  FUSE_METHOD: SUM
  NUM_BLOCKS: [4, 4, 4, 4]
  NUM_BRANCHES: 4
  NUM_CHANNELS: [48, 96, 192, 384]
  NUM_MODULES: 3
=> init weights from normal distribution
->Resumed corretly
=> loaded checkpoint (epoch 10)
Epoch: [10/15] Iter:[0/189], Time: 5.10, lr: [0.00018602052900565077], Loss: 0.413989
[DEBUG/function.py] -> pred (logits) stats :
  shape        : torch.Size([32, 2, 80, 80])
  classe 0 - min : -16.032743453979492 , max : 39.02056884765625 , mean : 4.208836078643799 , std : 5.287838459014893
  classe 1 - min : -38.99091720581055 , max : 15.733226776123047 , mean : -4.16779088973999 , std : 5.271833896636963
[DEBUG/function.py] -> val in label : {0: 3156068, 1: 120732}
[DEBUG/function.py] -> val in pred  : {0: 186973, 1: 17827} 


Epoch: [10/15] Iter:[10/189], Time: 1.01, lr: [0.00018424796389525112], Loss: 0.415156
[DEBUG/function.py] -> pred (logits) stats :
  shape        : torch.Size([32, 2, 80, 80])
  classe 0 - min : -17.777494430541992 , max : 37.27542495727539 , mean : 4.22614049911499 , std : 5.288971424102783
  classe 1 - min : -37.24938201904297 , max : 17.44854164123535 , mean : -4.185186862945557 , std : 5.272802352905273
[DEBUG/function.py] -> val in label : {0: 3158669, 1: 118131}
[DEBUG/function.py] -> val in pred  : {0: 186377, 1: 18423} 


Epoch: [10/15] Iter:[20/189], Time: 0.83, lr: [0.00018247350194114387], Loss: 0.417821
[DEBUG/function.py] -> pred (logits) stats :
  shape        : torch.Size([32, 2, 80, 80])
  classe 0 - min : -17.38002586364746 , max : 41.958377838134766 , mean : 4.237850189208984 , std : 5.278537273406982
  classe 1 - min : -41.921546936035156 , max : 17.057836532592773 , mean : -4.196780204772949 , std : 5.26254940032959
[DEBUG/function.py] -> val in label : {0: 3160021, 1: 116779}
[DEBUG/function.py] -> val in pred  : {0: 186910, 1: 17890} 


Epoch: [10/15] Iter:[30/189], Time: 0.76, lr: [0.00018069712057319627], Loss: 0.419551
[DEBUG/function.py] -> pred (logits) stats :
  shape        : torch.Size([32, 2, 80, 80])
  classe 0 - min : -15.24781608581543 , max : 40.81346130371094 , mean : 4.21863317489624 , std : 5.3383636474609375
  classe 1 - min : -40.78010559082031 , max : 14.97433090209961 , mean : -4.177680492401123 , std : 5.322575092315674
[DEBUG/function.py] -> val in label : {0: 3149600, 1: 127200}
[DEBUG/function.py] -> val in pred  : {0: 186315, 1: 18485} 


Epoch: [10/15] Iter:[40/189], Time: 0.72, lr: [0.0001789187967029591], Loss: 0.420690
[DEBUG/function.py] -> pred (logits) stats :
  shape        : torch.Size([32, 2, 80, 80])
  classe 0 - min : -15.809884071350098 , max : 39.891422271728516 , mean : 4.234962463378906 , std : 5.31820821762085
  classe 1 - min : -39.873207092285156 , max : 15.538736343383789 , mean : -4.1940717697143555 , std : 5.302272796630859
[DEBUG/function.py] -> val in label : {0: 3152376, 1: 124424}
[DEBUG/function.py] -> val in pred  : {0: 185875, 1: 18925} 


Epoch: [10/15] Iter:[50/189], Time: 0.71, lr: [0.0001771385067059012], Loss: 0.420458
[DEBUG/function.py] -> pred (logits) stats :
  shape        : torch.Size([32, 2, 80, 80])
  classe 0 - min : -18.46857452392578 , max : 37.99478530883789 , mean : 4.254258632659912 , std : 5.320768356323242
  classe 1 - min : -37.96004867553711 , max : 18.127546310424805 , mean : -4.213206768035889 , std : 5.304876804351807
[DEBUG/function.py] -> val in label : {0: 3159270, 1: 117530}
[DEBUG/function.py] -> val in pred  : {0: 186345, 1: 18455} 


Epoch: [10/15] Iter:[60/189], Time: 0.69, lr: [0.00017535622640282937], Loss: 0.420932
[DEBUG/function.py] -> pred (logits) stats :
  shape        : torch.Size([32, 2, 80, 80])
  classe 0 - min : -17.469018936157227 , max : 41.595211029052734 , mean : 4.263225078582764 , std : 5.328599452972412
  classe 1 - min : -41.575225830078125 , max : 17.166584014892578 , mean : -4.222265720367432 , std : 5.3128156661987305
[DEBUG/function.py] -> val in label : {0: 3152247, 1: 124553}
[DEBUG/function.py] -> val in pred  : {0: 186293, 1: 18507} 


Epoch: [10/15] Iter:[70/189], Time: 0.68, lr: [0.00017357193104044675], Loss: 0.421121
[DEBUG/function.py] -> pred (logits) stats :
  shape        : torch.Size([32, 2, 80, 80])
  classe 0 - min : -16.458858489990234 , max : 38.618804931640625 , mean : 4.243919372558594 , std : 5.38927698135376
  classe 1 - min : -38.59728240966797 , max : 16.16526222229004 , mean : -4.202656269073486 , std : 5.373847007751465
[DEBUG/function.py] -> val in label : {0: 3164823, 1: 111977}
[DEBUG/function.py] -> val in pred  : {0: 187441, 1: 17359} 


Epoch: [10/15] Iter:[80/189], Time: 0.68, lr: [0.00017178559527100012], Loss: 0.421706
[DEBUG/function.py] -> pred (logits) stats :
  shape        : torch.Size([32, 2, 80, 80])
  classe 0 - min : -16.07709312438965 , max : 39.149635314941406 , mean : 4.249680995941162 , std : 5.397511005401611
  classe 1 - min : -39.125064849853516 , max : 15.777824401855469 , mean : -4.2086286544799805 , std : 5.382013320922852
[DEBUG/function.py] -> val in label : {0: 3161840, 1: 114960}
[DEBUG/function.py] -> val in pred  : {0: 186402, 1: 18398} 


Epoch: [10/15] Iter:[90/189], Time: 0.67, lr: [0.00016999719313096136], Loss: 0.421482
[DEBUG/function.py] -> pred (logits) stats :
  shape        : torch.Size([32, 2, 80, 80])
  classe 0 - min : -17.020902633666992 , max : 41.66986083984375 , mean : 4.242529392242432 , std : 5.442816257476807
  classe 1 - min : -41.63883590698242 , max : 16.72927474975586 , mean : -4.2012481689453125 , std : 5.427680969238281
[DEBUG/function.py] -> val in label : {0: 3163080, 1: 113720}
[DEBUG/function.py] -> val in pred  : {0: 187535, 1: 17265} 


Epoch: [10/15] Iter:[100/189], Time: 0.67, lr: [0.00016820669801868613], Loss: 0.421117
[DEBUG/function.py] -> pred (logits) stats :
  shape        : torch.Size([32, 2, 80, 80])
  classe 0 - min : -17.284997940063477 , max : 38.67059326171875 , mean : 4.256265163421631 , std : 5.434471130371094
  classe 1 - min : -38.63910675048828 , max : 16.98914337158203 , mean : -4.2150654792785645 , std : 5.419376373291016
[DEBUG/function.py] -> val in label : {0: 3158670, 1: 118130}
[DEBUG/function.py] -> val in pred  : {0: 187110, 1: 17690} 


Epoch: [10/15] Iter:[110/189], Time: 0.66, lr: [0.00016641408267098774], Loss: 0.421145
[DEBUG/function.py] -> pred (logits) stats :
  shape        : torch.Size([32, 2, 80, 80])
  classe 0 - min : -16.80179786682129 , max : 41.20746994018555 , mean : 4.268527507781982 , std : 5.437635898590088
  classe 1 - min : -41.18629455566406 , max : 16.499969482421875 , mean : -4.227106094360352 , std : 5.422769546508789
[DEBUG/function.py] -> val in label : {0: 3161465, 1: 115335}
[DEBUG/function.py] -> val in pred  : {0: 187857, 1: 16943} 


Epoch: [10/15] Iter:[120/189], Time: 0.66, lr: [0.00016461931913855994], Loss: 0.421305
[DEBUG/function.py] -> pred (logits) stats :
  shape        : torch.Size([32, 2, 80, 80])
  classe 0 - min : -16.756479263305664 , max : 41.72598648071289 , mean : 4.28690242767334 , std : 5.419184684753418
  classe 1 - min : -41.7043571472168 , max : 16.45061683654785 , mean : -4.2454833984375 , std : 5.4042863845825195
[DEBUG/function.py] -> val in label : {0: 3164091, 1: 112709}
[DEBUG/function.py] -> val in pred  : {0: 188002, 1: 16798} 


Epoch: [10/15] Iter:[130/189], Time: 0.66, lr: [0.00016282237876017735], Loss: 0.421504
[DEBUG/function.py] -> pred (logits) stats :
  shape        : torch.Size([32, 2, 80, 80])
  classe 0 - min : -14.951627731323242 , max : 40.639549255371094 , mean : 4.284229278564453 , std : 5.434872150421143
  classe 1 - min : -40.61930847167969 , max : 14.70620059967041 , mean : -4.243298053741455 , std : 5.419993877410889
[DEBUG/function.py] -> val in label : {0: 3156822, 1: 119978}
[DEBUG/function.py] -> val in pred  : {0: 185624, 1: 19176} 


Epoch: [10/15] Iter:[140/189], Time: 0.65, lr: [0.00016102323213559725], Loss: 0.421525
[DEBUG/function.py] -> pred (logits) stats :
  shape        : torch.Size([32, 2, 80, 80])
  classe 0 - min : -15.98162841796875 , max : 39.16041564941406 , mean : 4.291630268096924 , std : 5.439483642578125
  classe 1 - min : -39.13475036621094 , max : 15.704178810119629 , mean : -4.250631809234619 , std : 5.4247660636901855
[DEBUG/function.py] -> val in label : {0: 3142483, 1: 134317}
[DEBUG/function.py] -> val in pred  : {0: 185570, 1: 19230} 


Epoch: [10/15] Iter:[150/189], Time: 0.65, lr: [0.00015922184909707984], Loss: 0.421689
[DEBUG/function.py] -> pred (logits) stats :
  shape        : torch.Size([32, 2, 80, 80])
  classe 0 - min : -17.32387924194336 , max : 46.328704833984375 , mean : 4.276089191436768 , std : 5.4921345710754395
  classe 1 - min : -46.3153190612793 , max : 17.02586555480957 , mean : -4.234668254852295 , std : 5.4778571128845215
[DEBUG/function.py] -> val in label : {0: 3160787, 1: 116013}
[DEBUG/function.py] -> val in pred  : {0: 187728, 1: 17072} 


Epoch: [10/15] Iter:[160/189], Time: 0.65, lr: [0.00015741819867943897], Loss: 0.421485
[DEBUG/function.py] -> pred (logits) stats :
  shape        : torch.Size([32, 2, 80, 80])
  classe 0 - min : -19.405378341674805 , max : 39.09099578857422 , mean : 4.296939373016357 , std : 5.48505163192749
  classe 1 - min : -39.064659118652344 , max : 19.06159210205078 , mean : -4.255659580230713 , std : 5.470729827880859
[DEBUG/function.py] -> val in label : {0: 3168858, 1: 107942}
[DEBUG/function.py] -> val in pred  : {0: 186998, 1: 17802} 


Epoch: [10/15] Iter:[170/189], Time: 0.65, lr: [0.00015561224908852716], Loss: 0.421405
[DEBUG/function.py] -> pred (logits) stats :
  shape        : torch.Size([32, 2, 80, 80])
  classe 0 - min : -17.712947845458984 , max : 40.71697998046875 , mean : 4.282802581787109 , std : 5.540832996368408
  classe 1 - min : -40.69327926635742 , max : 17.39847183227539 , mean : -4.241203308105469 , std : 5.526897430419922
[DEBUG/function.py] -> val in label : {0: 3170711, 1: 106089}
[DEBUG/function.py] -> val in pred  : {0: 188189, 1: 16611} 


Epoch: [10/15] Iter:[180/189], Time: 0.65, lr: [0.0001538039676680524], Loss: 0.421452
[DEBUG/function.py] -> pred (logits) stats :
  shape        : torch.Size([32, 2, 80, 80])
  classe 0 - min : -17.447341918945312 , max : 41.807315826416016 , mean : 4.297613620758057 , std : 5.529238224029541
  classe 1 - min : -41.78661346435547 , max : 17.152555465698242 , mean : -4.256335735321045 , std : 5.515285968780518
[DEBUG/function.py] -> val in label : {0: 3156684, 1: 120116}
[DEBUG/function.py] -> val in pred  : {0: 186710, 1: 18090} 


0
0 [0.9740679  0.25090986] 0.6124888796955401
=> saving checkpoint to output/visorando/Visorando/tl_bs32_lr0005_epch15checkpoint.pth.tar
Loss: 0.599, MeanIU:  0.6125, Best_mIoU:  0.6125
[0.9740679  0.25090986]
Epoch: [11/15] Iter:[0/189], Time: 1.48, lr: [0.00015217449296258857], Loss: 0.420418
[DEBUG/function.py] -> pred (logits) stats :
  shape        : torch.Size([32, 2, 80, 80])
  classe 0 - min : -16.375165939331055 , max : 41.58012390136719 , mean : 4.321954727172852 , std : 5.508906841278076
  classe 1 - min : -41.56528854370117 , max : 16.08710289001465 , mean : -4.280293941497803 , std : 5.495016574859619
[DEBUG/function.py] -> val in label : {0: 3169218, 1: 107582}
[DEBUG/function.py] -> val in pred  : {0: 188166, 1: 16634} 


Epoch: [11/15] Iter:[10/189], Time: 0.71, lr: [0.00015036168785519422], Loss: 0.417299
[DEBUG/function.py] -> pred (logits) stats :
  shape        : torch.Size([32, 2, 80, 80])
  classe 0 - min : -16.76732063293457 , max : 38.300785064697266 , mean : 4.308248996734619 , std : 5.544514179229736
  classe 1 - min : -38.285282135009766 , max : 16.47513198852539 , mean : -4.267124652862549 , std : 5.53065824508667
[DEBUG/function.py] -> val in label : {0: 3155103, 1: 121697}
[DEBUG/function.py] -> val in pred  : {0: 185637, 1: 19163} 


